"name","program","original_va","original_rva","size","candidate_va","candidate_rva","candidate_symbol","candidate_dll","candidate_object","expected_status","implementation_kind","mask","notes"
"OtPersistDialogPlacement","Oregon32.exe","0x00401430","0x00001430","0x00000049","","","_OtPersistDialogPlacement_00401430_RealCpp","","src_otwin_app_general_helpers.obj","match","cpp","27-30 34-37 51-54 58-61 65-68","Authentic Product C++ match: formats a dialog rectangle and persists it under the location key with WritePrivateProfileStringA and the canonical oregon.ini path. Masks cover only the format/key/file data operands and the wsprintfA and KERNEL32 import operands."
"OtMoveControlToDialogCoords","Oregon32.exe","0x00401480","0x00001480","0x000000aa","","","_OtMoveControlToDialogCoords_00401480_Product","","src_otwin_app_move_control_to_dialog_coords_runtime.obj","match","cpp","14-17 34-37 61-64 71-74 158-161","Product C++ match: authentic Win32 RECT/POINT types and explicit width/height preservation reproduce all 170 bytes and 69 instructions; masks cover only the five USER32 IAT operands."
"OtRunModalDialogAndRefreshParent","Oregon32.exe","0x00401530","0x00001530","0x00000038","","","_OtRunModalDialogAndRefreshParentAlt1_00401530_38pct","","src_otwin_app_dialog_menu_helpers.obj","match","cpp","38-41 47-50","Product C++ match: modal dialog wrapper that normalizes init_param -1 to zero and refreshes the parent through direct USER32 imports."
"OtFreePositionedBitmapEhThunk_00401668","Oregon32.exe","0x401668","0x1668","0xb","","","??0RuntimeDialogBitmapState_00401570@@QAE@XZ + 0x9f","","src_otwin_app_runtime_dialog_dispatch.obj","match","cpp","7-10","Product-reachable compiler-generated VC4 /GX cleanup funclet from the shared-message dialog bitmap-state constructor: destroys the member at offset 0x78 during constructor unwinding. Symbol-relative Product anchor is stable across isolated and integrated VC4 builds; mask covers only the generated direct jmp rel32 to the member destructor."
"OtFreePositionedBitmapEhThunk_00401673","Oregon32.exe","0x401673","0x1673","0xb","","","??0RuntimeDialogBitmapState_00401570@@QAE@XZ + 0xaa","","src_otwin_app_runtime_dialog_dispatch.obj","match","cpp","7-10","Product-reachable compiler-generated VC4 /GX cleanup funclet from the shared-message dialog bitmap-state constructor: destroys the member at offset 0x50 during constructor unwinding. Symbol-relative Product anchor is stable across isolated and integrated VC4 builds; mask covers only the generated direct jmp rel32 to the member destructor."
"OtFreePositionedBitmapEhThunk_0040167e","Oregon32.exe","0x40167e","0x167e","0xb","","","??0RuntimeDialogBitmapState_00401570@@QAE@XZ + 0xb5","","src_otwin_app_runtime_dialog_dispatch.obj","match","cpp","7-10","Product-reachable compiler-generated VC4 /GX cleanup funclet from the shared-message dialog bitmap-state constructor: destroys the member at offset 0x28 during constructor unwinding. Symbol-relative Product anchor is stable across isolated and integrated VC4 builds; mask covers only the generated direct jmp rel32 to the member destructor."
"OtFreePositionedBitmapEhThunk_00401689","Oregon32.exe","0x401689","0x1689","0x8","","","??0RuntimeDialogBitmapState_00401570@@QAE@XZ + 0xca","","src_otwin_app_runtime_dialog_dispatch.obj","match","cpp","4-7","Product-reachable compiler-generated VC4 /GX cleanup funclet from the shared-message dialog bitmap-state constructor: destroys the member at offset 0x0 during constructor unwinding. Symbol-relative Product anchor is stable across isolated and integrated VC4 builds; mask covers only the generated direct jmp rel32 to the member destructor."
"OtRunSharedMessageDialog","Oregon32.exe","0x00401e70","0x00001e70","0x0000005c","","","_OtRunSharedMessageDialog_00401e70_RealCpp","","src_otwin_app_shared_message_dialog_runtime.obj","match","cpp","11-14 20-23 26-29 31-34 51-54 58-61 63-66 75-78 82-85 87-90","Product C++ promotion: shared message-dialog launcher with canonical launcher/callback state and a direct DialogBoxParamA import."
"OtResizeControl","Oregon32.exe","0x00401ed0","0x00001ed0","0x2e","","","_OtResizeControl_RealCpp","","","match","cpp","12-15 41-44","VC4 real C++ dialog-control resize helper; masks relocated GetDlgItem/SetWindowPos import pointers."
"OtFreePositionedBitmapEhThunk_0040246d","Oregon32.exe","0x40246d","0x246d","0xb","","","??0HuntResultsDialogState_004023b0_Product@@QAE@XZ+0x4d","","src_otwin_graphics_construct_dialog_bitmap_owner_states.obj","match","cpp","7-10","Product compiler-generated VC4 /GX cleanup funclet for the genuine Hunt Results dialog state and its PositionedBitmap member at owner offset 0x28. Owner-relative locator is stable; mask covers only the generated destructor tail-jump rel32 operand."
"OtFreePositionedBitmapEhThunk_00402478","Oregon32.exe","0x402478","0x2478","0x8","","","??0HuntResultsDialogState_004023b0_Product@@QAE@XZ+0x62","","src_otwin_graphics_construct_dialog_bitmap_owner_states.obj","match","cpp","4-7","Product compiler-generated VC4 /GX cleanup funclet for the genuine Hunt Results dialog state and its PositionedBitmap member at owner offset 0x0. Owner-relative locator is stable; mask covers only the generated destructor tail-jump rel32 operand."
"OtSendSceneModeMessage","Oregon32.exe","0x00403320","0x00003320","0x0000006c","","","?OtSendSceneModeMessage_00403320_RealCpp@SceneModeMessageState_00403320@@QAEJXZ","","src_otwin_app_main_window_transition_runtime.obj","match","cpp","95-98 103-106","Product C++ match: maps the current scene/controller mode to a WinHelp topic and dispatches it through the canonical help-file path and direct USER32 WinHelpA import."
"OtConfirmStateTransitionMsgBox","Oregon32.exe","0x00403390","0x00003390","0x00000074","","","?OtConfirmStateTransitionMsgBox_00003390_RealCpp@StateTransitionConfirmation_00003390@@QAEHXZ","","src_otwin_app_main_window_transition_runtime.obj","match","cpp","17-20 30-33 36-39 49-52 65-68 76-79 99-102","Semantic C++ match: state-transition confirmation helper. It shows the pending confirmation dialog, accepts on confirm, clears the pending flag on confirm/cancel, and rejects closed dialogs. Mask covers only pending-state/app globals, dialog proc/import operands, and the direct accepted-helper call displacement."
"OtConfirmCloseTransition","Oregon32.exe","0x00403410","0x00003410","0x00000056","","","?OtConfirmCloseTransition_Product_00403410@CloseConfirmationState_00403410@@QAEHXZ","","src_otwin_app_main_window_transition_runtime.obj","match","cpp","2-5 18-21 23-26 30-33 44-47 58-61 73-76","Promoted product C++ close-confirmation prompt and transition helper; masks cover only imports, product-owned state, strings, and direct-call relocations."
"OtIsCloseConfirmationState","Oregon32.exe","0x00403470","0x00003470","0x0000000e","","","?OtIsCloseConfirmationState_RealCpp@MainWindowCloseState_00403470@@QBEHXZ","","src_otwin_app_main_window_transition_runtime.obj","match","cpp","","semantic close-confirmation state predicate"
"OtProbeIndexedDisplayCapability","Oregon32.exe","0x00403480","0x00003480","0x0000004e","","","?OtProbeIndexedDisplayCapabilityDirectThis_00403480_RealCpp@DisplayCapabilityPureProbe_00403480@@QAEXXZ","","src_otwin_app_main_window_transition_runtime.obj","match","cpp","2-5 21-24 32-35 55-58 70-73","Product C++ match: initializes indexed-color support, probes BITSPIXEL and RC_PALETTE through GetDC/GetDeviceCaps, and releases the DC. The canonical owner groups only real contiguous main-window helpers in original-RVA order, with no unreferenced predecessor; all 29 instructions align, and masks cover only the indexed-color global plus GetDC, GetDeviceCaps, and ReleaseDC address operands."
"OtDestroyActiveScreenDialog","Oregon32.exe","0x004034d0","0x000034d0","0x00000057","","","?OtDestroyActiveScreenDialog_Product_004034d0@ActiveScreenDialogState_004034d0@@QAEXXZ","","","match","cpp","14-17 20-23 37-40 44-47 49-52 56-59 65-68 72-75 78-81","Promoted product C++ active-screen dialog teardown; masks cover only imports, product-owned state, and direct-call relocations."
"OtInitPaletteBrushes","Oregon32.exe","0x00403530","0x00003530","0x00000079","","","?OtInitPaletteBrushes_Product_00403530@MainWindowRuntimeObject_00405a40@@QAEXXZ","","src_otwin_app_application_runtime_lifecycle.obj","match","cpp","11-14 20-23 28-31 34-37 41-44 48-51 54-57 76-79 83-86 95-98 103-106 113-116","Product C++ match: initializes the main-window palette brushes with direct USER32/GDI32 imports; masks cover only full palette/brush global and import operands."
"OtLoadFourStringIntoSubResources","Oregon32.exe","0x00403830","0x00003830","0x0000009b","","","?OtLoadFourStringIntoSubResources_00403830_RealCpp@FourStringResourceOwner_00403830@@QAEXXZ","","src_otwin_app_load_four_string_resources.obj","match","cpp","17-20 28-31 37-40 48-51 57-60 68-71 77-80 88-91 100-103","Product C++ loads four positioned bitmap descriptors through the real 0x40ba40 implementation and updates visible clipping from the client rectangle."
"OtFreePositionedBitmapEhThunk_0040484e","Oregon32.exe","0x40484e","0x484e","0xb","","","??1MainWindowRuntimeObject_00405a40@@QAE@XZ+0x11e","","src_otwin_app_application_runtime_lifecycle.obj","match","cpp","7-10","Product compiler-generated VC4 /GX destructor cleanup funclet for the genuine main-window runtime owner: destroys the guide PositionedBitmap member at owner offset 0x64. Fresh same-owner disassembly after the faithful destructor cleanup places the exact thunk at +0x11e; the mask covers only the complete generated direct-jump rel32 operand to the Product destructor."
"OtFreePositionedBitmapEhThunk_00404859","Oregon32.exe","0x404859","0x4859","0xb","","","??1MainWindowRuntimeObject_00405a40@@QAE@XZ+0x129","","src_otwin_app_application_runtime_lifecycle.obj","match","cpp","7-10","Product compiler-generated VC4 /GX destructor cleanup funclet for the genuine main-window runtime owner: destroys the title PositionedBitmap member at owner offset 0x3c. Fresh same-owner disassembly after the faithful destructor cleanup places the exact thunk at +0x129; the mask covers only the complete generated direct-jump rel32 operand to the Product destructor."
"OtFreePositionedBitmapEhThunk_0040486e","Oregon32.exe","0x40486e","0x486e","0xb","","","??1MainWindowRuntimeObject_00405a40@@QAE@XZ+0x13e","","src_otwin_app_application_runtime_lifecycle.obj","match","cpp","7-10","Product compiler-generated VC4 /GX destructor cleanup funclet for the genuine main-window runtime owner: destroys the backdrop PositionedBitmap member at owner offset 0x14. Fresh same-owner disassembly after the faithful destructor cleanup places the exact thunk at +0x13e; the mask covers only the complete generated direct-jump rel32 operand to the Product destructor."
"OtDispatchControlNotification_6e_72","Oregon32.exe","0x00404a70","0x00004a70","0x000000ac","","","?OtDispatchControlNotification_6e_72_00404a70_RealCpp@ControlNotificationDispatcher_00404a70@@QAEHII@Z","","src_otwin_app_control_notification_dispatch.obj","match","cpp","9-12 43-46 62-65 87-90 112-115 137-140 162-165","Product C++ validates the target window and dispatches notifications 0x6e through 0x72 through direct USER32 imports."
"OtDispatchMenuCommand_82_85","Oregon32.exe","0x00404ed0","0x00004ed0","0x00000077","","","?OtDispatchMenuCommand_82_85_00404ed0_RealCpp@MenuCommandDispatcher_00404ed0@@QAEHIJ@Z","","src_otwin_app_application_menu_routers.obj","match","cpp","22-25 29-32 42-45 52-55 69-72 76-79 91-94 97-100 110-113","Product semantic VC4 match: commands 0x82 through 0x85 use the canonical populated help-file path, scene-mode dispatch, Windows Help, and the Product-reachable About dialog. The nine complete four-byte masks cover the jump table, help-path and help-name globals, WinHelpA and DialogBoxParamA imports, the scene-mode direct call, the About callback, and the application module."
"OtRegisterMainWindowClass","Oregon32.exe","0x00404f60","0x00004f60","0x00000097","","","_OtRegisterMainWindowClass_00404f60_RealCpp","","src_otwin_app_main_window_class_registration.obj","match","cpp","5-8 21-24 43-46 69-72 86-89 102-105 110-113 125-128 135-138 143-146","Product C++ match: registers the authentic main-window class with the real window procedure, runtime globals, resource names, and direct USER32 imports."
"OtToggleMenuItemCheckState","Oregon32.exe","0x00405720","0x00005720","0x0000004a","","","?OtToggleMenuItemCheckState_RealCpp@RuntimeWindowState_00405720@@QAEXIH@Z","","src_otwin_app_toggle_menu_item_check_state.obj","match","cpp","13-16 20-23 36-39 54-57 64-67","Policy-clean isolated Product C++ match. Modeling the menu item as an int, matching the Win32 command-ID domain used by the original, gives VC4 the original EBX/EDI allocation and argument schedule. The five masks cover only complete validated USER32 IAT operands."
"OtDispatchStoredWindowObject","Oregon32.exe","0x00405980","0x00005980","0x00000074","","","_OtDispatchStoredWindowObject_00405980_RealCpp@16","","","match","cpp","13-16 43-46 77-80","Semantic C++ match: USER32 window-proc thunk that fetches the stored object with GetWindowLongA(window, 0), installs CREATESTRUCT.lpCreateParams on WM_CREATE via SetWindowLongA, virtual-dispatches message triples to the stored object, and falls back to DefWindowProcA. Mask covers only USER32 import-address operands."
"OtCaptureMatchingWindowOwner","Oregon32.exe","0x00405a00","0x00005a00","0x00000034","","","_OtCaptureMatchingWindowOwner_RealCpp@8","","src_otwin_app_window_object_attach_dispatch_20260603.obj","match","cpp","8-11 21-24 35-38","Product C++ match: direct USER32 window-enumeration owner capture callback."
"FUN_00405bb9","Oregon32.exe","0x405bb9","0x5bb9","0xb","","","_OtWindowObjectAttachDispatch_00405a40_RealCpp@16+0x179","","src_otwin_app_window_object_attach_dispatch_20260603.obj","match","cpp","7-10","Product-reachable compiler-generated VC4 /GX cleanup funclet from the genuine window-object attach dispatcher: destroys its MainWindowRuntimeObject_00405a40 local at [ebp-0xd0]. The owner-relative object-qualified anchor is stable; the mask covers only the complete generated direct-jump rel32 operand to the Product destructor."
"OtDestroyOwnedPositionedBitmap","Oregon32.exe","0x00405d90","0x00005d90","0x00000019","","","?OtDestroyOwnedPositionedBitmap_RealCpp@PositionedBitmapOwner_00405d90@@QAEXXZ","","src_otwin_graphics_positioned_bitmap_owner.obj","match","cpp","10-13 16-19","Product C++ match: destroys an optional owned positioned bitmap through the real cleanup bridge and VC4 operator delete."
"OtShowTrailOverlayWindow","Oregon32.exe","0x00405db0","0x00005db0","0x31","","","?OtShowTrailOverlayWindow_RealCpp@TrailOverlayWindow_00405df0@@QAEXPAX0@Z","","","match","cpp","15-18 25-28 41-44","VC4 real C++ overlay blit/show wrapper; masks direct blit call displacement and relocated USER32 import pointers."
"OtHideTrailOverlayWindow","Oregon32.exe","0x00405df0","0x00005df0","0x0d","","","?OtHideTrailOverlayWindow_RealCpp@TrailOverlayWindow_00405df0@@QAEXXZ","","","match","cpp","8-11","VC4 real C++ trail overlay ShowWindow(SW_HIDE) wrapper; mask relocated USER32 import pointer."
"OtUpdateLabeledBitmapDisplay","Oregon32.exe","0x00405f00","0x00005f00","0x00000063","","","?OtUpdateLabeledBitmapDisplay_RealCpp@LabeledBitmapDisplay_00405f00@@QAEXIIH@Z","","src_otwin_trail_event_handlers.obj","match","cpp","20-23 27-30 46-49 61-64 75-78 88-91","Product C++ match: updates the label window and reloads the display bitmap through canonical event-handler state; masks cover only full resource-module, USER32 import, and bitmap-loader call operands."
"OtResetTrailMapProgressLine","Oregon32.exe","0x00405f70","0x00005f70","0x33","","","?OtResetTrailMapProgressLine_RealCpp@TrailMapProgressState_00405f70@@QAEXPAX0H@Z","","","match","cpp","19-22 43-46","VC4 real C++ trail-map progress reset helper; redraws the base map bitmap, clears the last segment, and advances the red progress line."
"OtDrawTrailMapProgressSegment","Oregon32.exe","0x00405fb0","0x00005fb0","0x00000056","","","?OtDrawTrailMapProgressSegmentAlt15_00405fb0_44pct@TrailMapDisplay_00405fb0_44pct@@QAEXPAXHH@Z","","","match","cpp","53-56 76-79","Semantic C++ match: draws a visible trail-map progress segment between two route points, skipping zeroed destinations, using the original GDI MoveToEx/LineTo import-call shape. Mask covers only GDI import operands."
"OtDestroyGraphicsResourceOwner","Oregon32.exe","0x00406240","0x00006240","0x00000049","","","?OtDestroyGraphicsResourceOwnerDirectCalls_00406240_RealCpp@GraphicsResourceOwner_00406240@@QAEXXZ","","src_otwin_app_general_helpers.obj","match","cpp","10-13 44-47 57-60 63-66","Product C++ match: releases four loaded resource handles, deletes the optional GDI object, and performs real positioned-bitmap cleanup."
"OtAdvanceTrailMapProgressLine","Oregon32.exe","0x00406370","0x00006370","0x00000085","","","?OtAdvanceTrailMapProgressLine_00406370_Product@TrailMapProgressLine_00406370_Product@@QAEXPAXH@Z","","src_otwin_trail_advance_trail_map_progress_line_runtime.obj","match","cpp","13-16 22-25 30-33 37-40 50-53 102-105 122-125","Product C++ promotion: advances the trail-map progress line through direct GDI/USER32 imports and the accepted semantic segment renderer."
"OtRenderTrailTravelScene","Oregon32.exe","0x00406510","0x00006510","0x000000b6","","","?OtRenderTrailTravelScene_00006510_RealCpp@TrailTravelScene_00006510@@QAEXPAX0IIHH@Z","","src_otwin_trail_render_trail_travel_scene.obj","match","cpp","2-5 21-24 28-31 40-43 48-51 62-65 69-72 77-80 91-94 98-101 113-116 142-145 171-174","Semantic C++ match: selects and realizes the trail palette, refreshes animated sky/ground brushes, blits the scrolling sky and ground strips, and delegates travel overlay rendering. Mask covers only globals, IAT operands, and direct helper-call displacements."
"OtRenderTrailTravelOverlay","Oregon32.exe","0x004066c0","0x000066c0","0x0000009f","","","?OtRenderTrailTravelOverlay_000066c0_RealCpp@TrailTravelOverlay_000066c0@@QAEXPAXHII0H@Z","","src_otwin_trail_render_trail_travel_overlay.obj","match","cpp","21-24 28-31 74-77 98-101 112-115 127-130 133-136 148-151","Product C++ trail travel overlay renderer; all six calls now target semantic Product animation, clipping, event/condition rendering, bitmap blit, and palette members."
"OtRenderTrailConditionOverlayFrame","Oregon32.exe","0x004068a0","0x000068a0","0x0000009c","","","?OtRenderTrailConditionOverlayFrame_000068a0_RealCpp@TrailConditionOverlayFrame_000068a0@@QAEXPAX@Z","","","match","cpp","1-4 15-18 45-48 72-75 99-102 126-129 149-152","Semantic C++ selects the trail-condition overlay frame from route stop flags and trail-continue state, drawing stopped, no-one-able, no-oxen, no-food, or default overlays as appropriate. Mask covers the journey-state global operand and direct wrapped-bitmap call displacements."
"OtCreateTrailGroundBrush","Oregon32.exe","0x00406940","0x00006940","0x31","","","?OtCreateTrailGroundBrush_00406940_ProductWip@TrailPaletteBrushState_00406940@@QAEKPAX@Z","","src_otwin_trail_trail_palette_brush_runtime.obj","match","cpp","2-5 16-19 35-38 42-45","Product C++ __thiscall palette-brush member; uses palette index 0xe3 or nearest RGB 0x0000fa3a through direct GDI imports."
"OtCreateTrailSkyBrush","Oregon32.exe","0x00406980","0x00006980","0x31","","","?OtCreateTrailSkyBrush_00406980_ProductWip@TrailPaletteBrushState_00406940@@QAEKPAX@Z","","src_otwin_trail_trail_palette_brush_runtime.obj","match","cpp","2-5 16-19 35-38 42-45","Product C++ __thiscall palette-brush member; uses palette index 0xe2 or nearest RGB 0x00fad763 through direct GDI imports."
"OtDestroyTrailTravelViewport","Oregon32.exe","0x00406e70","0x00006e70","0x0000008e","","","??1TrailTravelViewport_00406e70@@QAE@XZ","","","match","cpp","12-15 48-51 58-61","Semantic VC4 C++ destructor for the trail travel viewport resource owner; direct GDI32 DeleteObject calls and compiler-generated /GX positioned-bitmap cleanup labels match the original body. Mask covers only the EH handler address and DeleteObject import relocation operands."
"OtFreePositionedBitmapEhThunk_00406f4a","Oregon32.exe","0x406f4a","0x6f4a","0xb","","","??1TrailTravelViewport_00406e70@@QAE@XZ+0xda","","src_otwin_trail_destroy_trail_travel_viewport.obj","match","cpp","7-10","Product-reachable compiler-generated VC4 /GX cleanup funclet from the exact Product TrailTravelViewport destructor: destroys the positioned-bitmap member at owner offset 0x6c during unwinding. Parent-symbol-relative Product anchor is stable across repeated integrated VC4 builds; mask covers only the generated direct jmp rel32 to the member destructor."
"OtFreePositionedBitmapEhThunk_00406f5f","Oregon32.exe","0x406f5f","0x6f5f","0xb","","","??1TrailTravelViewport_00406e70@@QAE@XZ+0xef","","src_otwin_trail_destroy_trail_travel_viewport.obj","match","cpp","7-10","Product-reachable compiler-generated VC4 /GX cleanup funclet from the exact Product TrailTravelViewport destructor: destroys the positioned-bitmap member at owner offset 0x28 during unwinding. Parent-symbol-relative Product anchor is stable across repeated integrated VC4 builds; mask covers only the generated direct jmp rel32 to the member destructor."
"OtUpdateTrailViewportRouteStripState","Oregon32.exe","0x00406f70","0x00006f70","0x00000087","","","?OtUpdateTrailViewportRouteStripStateAlt32_00406f70_RealCpp@TrailTravelViewport_00406f70@@QAEXPAXH@Z","","","wip","cpp","25-28","Clean Product C++ uses the canonical positioned-bitmap layout, calls the original descriptor loader directly, computes the visible span, and positions it from journey progress using the bitmap width. Mask 25-28 covers the complete direct-call displacement; original and candidate non-import targets were manually verified as OtLoadPositionedBitmapDescriptor_0040ba40. The remaining load/sub scheduling residual is unmasked."
"OtAdvanceTrailViewportStripScroll","Oregon32.exe","0x00407000","0x00007000","0x0000009d","","","?OtAdvanceTrailViewportStripScrollAlt4_00407000_RealCpp@TrailTravelViewport_00407000@@QAEXHI@Z","","","wip","cpp","","WIP semantic conversion replacing the _emit scaffold; measured 62/157 residual on 2026-05-24 and needs route-scroll source-shape follow-up."
"OtFreePositionedBitmapEhThunk_004074ee","Oregon32.exe","0x4074ee","0x74ee","0xb","","","_OtGeneralStoreDialogProc_00407340_ProductWip@16+0x1ae","","src_otwin_trade_general_store_dialog_runtime.obj","match","cpp","7-10","Product VC4 /GX cleanup for the genuine General Store dialog state; destroys the PositionedBitmap at owner offset 0x78. The mask covers only the complete direct-jump rel32 operand."
"OtFreePositionedBitmapEhThunk_004074f9","Oregon32.exe","0x4074f9","0x74f9","0xb","","","_OtGeneralStoreDialogProc_00407340_ProductWip@16+0x1b9","","src_otwin_trade_general_store_dialog_runtime.obj","match","cpp","7-10","Product VC4 /GX cleanup for the genuine General Store dialog state; destroys the PositionedBitmap at owner offset 0x50. The mask covers only the complete direct-jump rel32 operand."
"OtFreePositionedBitmapEhThunk_00407504","Oregon32.exe","0x407504","0x7504","0xb","","","_OtGeneralStoreDialogProc_00407340_ProductWip@16+0x1c4","","src_otwin_trade_general_store_dialog_runtime.obj","match","cpp","7-10","Product VC4 /GX cleanup for the genuine General Store dialog state; destroys the PositionedBitmap at owner offset 0x28. The mask covers only the complete direct-jump rel32 operand."
"OtFreePositionedBitmapEhThunk_0040750f","Oregon32.exe","0x40750f","0x750f","0x8","","","_OtGeneralStoreDialogProc_00407340_ProductWip@16+0x1cf","","src_otwin_trade_general_store_dialog_runtime.obj","match","cpp","4-7","Product VC4 /GX cleanup for the genuine General Store dialog state; destroys the PositionedBitmap at owner offset 0x0. The mask covers only the complete direct-jump rel32 operand."
"OtFreePositionedBitmapEhThunk_004097f4","Oregon32.exe","0x4097f4","0x97f4","0xb","","","_OtStoreExDialogProc_004096b0_ProductWip@16+0x144","","src_otwin_trade_store_extension_dialog_runtime.obj","match","cpp","7-10","Product VC4 /GX cleanup for the genuine Store Extension dialog state; destroys the PositionedBitmap at owner offset 0x78. The mask covers only the complete direct-jump rel32 operand."
"OtFreePositionedBitmapEhThunk_004097ff","Oregon32.exe","0x4097ff","0x97ff","0xb","","","_OtStoreExDialogProc_004096b0_ProductWip@16+0x14f","","src_otwin_trade_store_extension_dialog_runtime.obj","match","cpp","7-10","Product VC4 /GX cleanup for the genuine Store Extension dialog state; destroys the PositionedBitmap at owner offset 0x50. The mask covers only the complete direct-jump rel32 operand."
"OtFreePositionedBitmapEhThunk_0040980a","Oregon32.exe","0x40980a","0x980a","0xb","","","_OtStoreExDialogProc_004096b0_ProductWip@16+0x15a","","src_otwin_trade_store_extension_dialog_runtime.obj","match","cpp","7-10","Product VC4 /GX cleanup for the genuine Store Extension dialog state; destroys the PositionedBitmap at owner offset 0x28. The mask covers only the complete direct-jump rel32 operand."
"OtFreePositionedBitmapEhThunk_00409815","Oregon32.exe","0x409815","0x9815","0x8","","","_OtStoreExDialogProc_004096b0_ProductWip@16+0x165","","src_otwin_trade_store_extension_dialog_runtime.obj","match","cpp","4-7","Product VC4 /GX cleanup for the genuine Store Extension dialog state; destroys the PositionedBitmap at owner offset 0x0. The mask covers only the complete direct-jump rel32 operand."
"OtFreePositionedBitmapEhThunk_0040a070","Oregon32.exe","0x40a070","0xa070","0xb","","","??0GuideBookDialogState_00409e50_Product@@QAE@XZ+0x14d","","src_otwin_trail_construct_guide_book_dialog_state.obj","match","cpp","7-10","Product compiler-generated VC4 /GX constructor cleanup funclet for the genuine Guide Book dialog state: destroys the PositionedBitmap member at owner offset 0x78. Owner-relative anchoring is stable across fresh links; the mask covers only the complete generated direct-jump rel32 operand to the Product destructor."
"OtFreePositionedBitmapEhThunk_0040a07b","Oregon32.exe","0x40a07b","0xa07b","0xb","","","??0GuideBookDialogState_00409e50_Product@@QAE@XZ+0x158","","src_otwin_trail_construct_guide_book_dialog_state.obj","match","cpp","7-10","Product compiler-generated VC4 /GX constructor cleanup funclet for the genuine Guide Book dialog state: destroys the PositionedBitmap member at owner offset 0x50. Owner-relative anchoring is stable across fresh links; the mask covers only the complete generated direct-jump rel32 operand to the Product destructor."
"OtFreePositionedBitmapEhThunk_0040a086","Oregon32.exe","0x40a086","0xa086","0xb","","","??0GuideBookDialogState_00409e50_Product@@QAE@XZ+0x163","","src_otwin_trail_construct_guide_book_dialog_state.obj","match","cpp","7-10","Product compiler-generated VC4 /GX constructor cleanup funclet for the genuine Guide Book dialog state: destroys the PositionedBitmap member at owner offset 0x28. Owner-relative anchoring is stable across fresh links; the mask covers only the complete generated direct-jump rel32 operand to the Product destructor."
"OtFreePositionedBitmapEhThunk_0040a091","Oregon32.exe","0x40a091","0xa091","0x8","","","??0GuideBookDialogState_00409e50_Product@@QAE@XZ+0x178","","src_otwin_trail_construct_guide_book_dialog_state.obj","match","cpp","4-7","Product compiler-generated VC4 /GX constructor cleanup funclet for the genuine Guide Book dialog state: destroys the PositionedBitmap member at owner offset 0x0. Owner-relative anchoring is stable across fresh links; the mask covers only the complete generated direct-jump rel32 operand to the Product destructor."
"OtFreePositionedBitmapEhThunk_0040af47","Oregon32.exe","0x40af47","0xaf47","0xb","","","??0GuideBookIndexDialogState_0040ae50_Product@@QAE@XZ+0x65","","src_otwin_graphics_construct_dialog_bitmap_owner_states.obj","match","cpp","7-10","Product compiler-generated VC4 /GX cleanup funclet for the genuine Guide Book index dialog state and its PositionedBitmap member at owner offset 0x78. Owner-relative locator is stable; mask covers only the generated destructor tail-jump rel32 operand."
"OtFreePositionedBitmapEhThunk_0040af52","Oregon32.exe","0x40af52","0xaf52","0xb","","","??0GuideBookIndexDialogState_0040ae50_Product@@QAE@XZ+0x70","","src_otwin_graphics_construct_dialog_bitmap_owner_states.obj","match","cpp","7-10","Product compiler-generated VC4 /GX cleanup funclet for the genuine Guide Book index dialog state and its PositionedBitmap member at owner offset 0x50. Owner-relative locator is stable; mask covers only the generated destructor tail-jump rel32 operand."
"OtFreePositionedBitmapEhThunk_0040af5d","Oregon32.exe","0x40af5d","0xaf5d","0xb","","","??0GuideBookIndexDialogState_0040ae50_Product@@QAE@XZ+0x7b","","src_otwin_graphics_construct_dialog_bitmap_owner_states.obj","match","cpp","7-10","Product compiler-generated VC4 /GX cleanup funclet for the genuine Guide Book index dialog state and its PositionedBitmap member at owner offset 0x28. Owner-relative locator is stable; mask covers only the generated destructor tail-jump rel32 operand."
"OtFreePositionedBitmapEhThunk_0040af68","Oregon32.exe","0x40af68","0xaf68","0x8","","","??0GuideBookIndexDialogState_0040ae50_Product@@QAE@XZ+0x90","","src_otwin_graphics_construct_dialog_bitmap_owner_states.obj","match","cpp","4-7","Product compiler-generated VC4 /GX cleanup funclet for the genuine Guide Book index dialog state and its PositionedBitmap member at owner offset 0x0. Owner-relative locator is stable; mask covers only the generated destructor tail-jump rel32 operand."
"OtLoadRectFromResource","Oregon32.exe","0x0040b690","0x0000b690","0x00000076","","","?OtLoadRectFromResource_RealCpp@RectResource_0040b690@@QAEHPAXPBX@Z","","src_otwin_app_rect_resource_loader.obj","match","cpp","32-35 40-43 60-63 104-107","Product C++ match: loads a packed four-short rectangle resource through direct KERNEL32 imports and expands width/height into right/bottom coordinates."
"OtInitRawIndexedBitmap","Oregon32.exe","0x0040b710","0x0000b710","0x10","","","@OtInitRawIndexedBitmap_RealCpp@4","","","match","cpp","","VC4 real C++ fastcall initializer for four raw-indexed-bitmap fields."
"OtInitPositionedBitmap","Oregon32.exe","0x0040b720","0x0000b720","0x10","","","@OtInitPositionedBitmap_RealCpp@4","","","match","cpp","","VC4 real C++ fastcall initializer for four positioned-bitmap fields."
"OtInitAndLoadPositionedBitmap","Oregon32.exe","0x0040b730","0x0000b730","0x27","","","??0PositionedBitmap_0040b720@@QAE@PAX0@Z","","src_otwin_graphics_construct_positioned_bitmap_from_descriptor.obj","match","cpp","29-32","VC4 real C++ positioned-bitmap constructor wrapper; clears fields then calls the descriptor loader with direct-call displacement masked."
"OtFreePositionedBitmap","Oregon32.exe","0x0040b760","0x0000b760","0x00000041","","","?OtFreePositionedBitmapAlt5_0040b760_42pct@PositionedBitmapFree_0040b760_42pct@@QAEXXZ","","","match","cpp","14-17 24-27 35-38 41-44","Pure VC4 C++ match: unlocks and frees the positioned bitmap info and pixel global memory handles. Mask covers four imported KERNEL32 API operands."
"OtBlitWrappedPositionedBitmap","Oregon32.exe","0x0040b7b0","0x0000b7b0","0x000000bc","","","?OtBlitWrappedPositionedBitmap_0040b7b0_Semantic@PositionedBitmap_0040b7b0_Semantic@@QAEHPAXHH@Z","","src_otwin_graphics_positioned_bitmap_blit.obj","match","cpp","84-87 172-175","Product C++ promotion: positioned bitmap blit with wrapped source-span handling; mask covers only the two StretchDIBits IAT relocations."
"OtFreePositionedBitmapEhThunk_0040bc25","Oregon32.exe","0x40bc25","0xbc25","0xb","","","??0IntroDialogState_0040bb30_Product@@QAE@XZ+0x9f","","src_otwin_graphics_construct_dialog_bitmap_owner_states.obj","match","cpp","7-10","Product compiler-generated VC4 /GX cleanup funclet for the genuine Intro dialog state and its PositionedBitmap member at owner offset 0x78. Owner-relative locator is stable; mask covers only the generated destructor tail-jump rel32 operand."
"OtFreePositionedBitmapEhThunk_0040bc30","Oregon32.exe","0x40bc30","0xbc30","0xb","","","??0IntroDialogState_0040bb30_Product@@QAE@XZ+0xaa","","src_otwin_graphics_construct_dialog_bitmap_owner_states.obj","match","cpp","7-10","Product compiler-generated VC4 /GX cleanup funclet for the genuine Intro dialog state and its PositionedBitmap member at owner offset 0x50. Owner-relative locator is stable; mask covers only the generated destructor tail-jump rel32 operand."
"OtFreePositionedBitmapEhThunk_0040bc3b","Oregon32.exe","0x40bc3b","0xbc3b","0xb","","","??0IntroDialogState_0040bb30_Product@@QAE@XZ+0xb5","","src_otwin_graphics_construct_dialog_bitmap_owner_states.obj","match","cpp","7-10","Product compiler-generated VC4 /GX cleanup funclet for the genuine Intro dialog state and its PositionedBitmap member at owner offset 0x28. Owner-relative locator is stable; mask covers only the generated destructor tail-jump rel32 operand."
"OtFreePositionedBitmapEhThunk_0040bc46","Oregon32.exe","0x40bc46","0xbc46","0x8","","","??0IntroDialogState_0040bb30_Product@@QAE@XZ+0xca","","src_otwin_graphics_construct_dialog_bitmap_owner_states.obj","match","cpp","4-7","Product compiler-generated VC4 /GX cleanup funclet for the genuine Intro dialog state and its PositionedBitmap member at owner offset 0x0. Owner-relative locator is stable; mask covers only the generated destructor tail-jump rel32 operand."
"OtGetActiveTextLength","Oregon32.exe","0x0040c790","0x0000c790","0x0000004f","","","_OtGetActiveTextLength_0040c790_RealCpp","","","match","cpp","6-9 13-16 20-23 32-35 43-46 63-66 70-73","Semantic C++ match: active edit/global text length helper"
"OtCheckDiskFreeSpaceForSave","Oregon32.exe","0x0040c7e0","0x0000c7e0","0x00000093","","","_OtCheckDiskFreeSpaceForSave_0040c7e0_RealCpp","","src_otwin_app_check_disk_free_space.obj","match","cpp","53-56 62-65 67-70 77-80 108-111 115-118 120-123 128-131","Product C++ builds a drive root, checks free bytes through direct KERNEL32/USER32 imports, reports CRT failure, and returns save feasibility."
"OtCloseMidiAudioDevice","Oregon32.exe","0x0040ccf0","0x0000ccf0","0x00000063","","","_OtCloseMidiAudioDeviceNoAsm_0040ccf0_RealCpp","","","match","cpp","5-8 15-18 26-29 33-36 39-42 51-54 58-61 63-66 79-82 88-91","Clean canonical body now aligns 30/30 instructions with zero structural drift after canonical-global consolidation; the ten masks cover only the relocated data-address and import operands at their current validated positions."
"OtStopMidiAudio","Oregon32.exe","0x0040d010","0x0000d010","0x00000086","","","_OtStopMidiAudioDirectImport_0040d010_RealCpp","","","match","cpp","5-8 12-15 19-22 29-32 35-38 42-45 47-50 58-61 64-67 88-91 93-96 99-102 104-107 124-127","Semantic C++ MIDI stop helper with direct USER32/WINMM imports; mask covers only MCI globals and IsWindow/mciSendCommandA import operands."
"OtCloseWaveAudioDevice","Oregon32.exe","0x0040d0a0","0x0000d0a0","0x0000006b","","","_OtCloseWaveAudioDevice_0040d0a0_RealCpp","","","match","cpp","6-9 12-15 19-22 24-27 35-38 46-49 59-62 66-69 71-74 87-90 96-99","Semantic C++ wave-device close helper with direct WINMM imports; mask covers only wave MCI globals and mciSendCommandA import operands."
"OtPlayWaveAudio","Oregon32.exe","0x0040d3e0","0x0000d3e0","0x00000093","","","_OtPlayWaveAudioDirectImport_0040d3e0_RealCpp","","","match","cpp","2-5 17-20 24-27 30-33 40-43 47-50 52-55 63-66 69-72 91-94 102-105 107-110 113-116 137-140","Semantic C++ wave-play helper with direct USER32/WINMM imports; mask covers only display/wave globals and IsWindow/mciSendCommandA import operands."
"OtStopWaveAudio","Oregon32.exe","0x0040d480","0x0000d480","0x0000006c","","","_OtStopWaveAudioDirectImport_0040d480_RealCpp","","","match","cpp","2-5 9-12 18-21 23-26 34-37 40-43 62-65 73-76 78-81 98-101","Semantic C++ match: stops active wave MCI playback via direct USER32/WINMM imports and marks pending stop when the MCI_STOP command succeeds."
"OtRandomBelow","Oregon32.exe","0x0040d4f0","0x0000d4f0","0x3d","","","_OtRandomBelow_RealCpp","","","match","cpp","2-5 12-15 21-24 27-30 39-42","VC4 real C++ random range helper; lazily seeds the CRT generator and scales rand() into [0, upper_bound)."
"OtSelectDialogCursor","Oregon32.exe","0x0040d530","0x0000d530","0x00000045","","","_OtSelectDialogCursor_0040d530_RealCpp","","src_otwin_app_general_helpers.obj","match","cpp","17-20 24-27 44-47 57-60","Product C++ match: dialog cursor selection/restoration through direct USER32 imports."
"OtFreePositionedBitmapEhThunk_0040d6e5","Oregon32.exe","0x40d6e5","0xd6e5","0xb","","","??0TradeOfferDialogState_0040d580_Product@@QAE@XZ+0xd9","","src_otwin_trade_construct_store_dialog_states.obj","match","cpp","7-10","Product VC4 /GX cleanup for the genuine Trade Offer dialog state; destroys the PositionedBitmap at owner offset 0x7c. The mask covers only the complete direct-jump rel32 operand."
"OtFreePositionedBitmapEhThunk_0040d6f0","Oregon32.exe","0x40d6f0","0xd6f0","0xb","","","??0TradeOfferDialogState_0040d580_Product@@QAE@XZ+0xe4","","src_otwin_trade_construct_store_dialog_states.obj","match","cpp","7-10","Product VC4 /GX cleanup for the genuine Trade Offer dialog state; destroys the PositionedBitmap at owner offset 0x54. The mask covers only the complete direct-jump rel32 operand."
"OtFreePositionedBitmapEhThunk_0040d6fb","Oregon32.exe","0x40d6fb","0xd6fb","0xb","","","??0TradeOfferDialogState_0040d580_Product@@QAE@XZ+0xef","","src_otwin_trade_construct_store_dialog_states.obj","match","cpp","7-10","Product VC4 /GX cleanup for the genuine Trade Offer dialog state; destroys the PositionedBitmap at owner offset 0x28. The mask covers only the complete direct-jump rel32 operand."
"OtFreePositionedBitmapEhThunk_0040d706","Oregon32.exe","0x40d706","0xd706","0x8","","","??0TradeOfferDialogState_0040d580_Product@@QAE@XZ+0x104","","src_otwin_trade_construct_store_dialog_states.obj","match","cpp","4-7","Product VC4 /GX cleanup for the genuine Trade Offer dialog state; destroys the PositionedBitmap at owner offset 0x0. The mask covers only the complete direct-jump rel32 operand."
"OtFreePositionedBitmapEhThunk_0040dfb3","Oregon32.exe","0x40dfb3","0xdfb3","0xb","","0x00040e84","","","","wip","cpp","","Semantic compiler-generated VC4 /GX cleanup funclet: frees TradeDialogBitmapOwnerSlotEhRecovery positioned-bitmap member at owner offset 0x78 from the dialog owner pointer held in [ebp-14h]. The candidate tail jump is not at the original operand offset, so it is unmasked. Demoted on 2026-07-16: raw candidate-RVA anchoring is layout-sensitive and is not accepted as semantic Product evidence."
"OtFreePositionedBitmapEhThunk_0040dfbe","Oregon32.exe","0x40dfbe","0xdfbe","0xb","","0x00040e8f","","","","wip","cpp","7-10","Semantic compiler-generated VC4 /GX cleanup funclet: frees TradeDialogBitmapOwnerSlotEhRecovery positioned-bitmap member at owner offset 0x50 from the dialog owner pointer held in [ebp-14h]. Mask covers only the generated tail-jmp rel32. Demoted on 2026-07-16: raw candidate-RVA anchoring is layout-sensitive and is not accepted as semantic Product evidence."
"OtFreePositionedBitmapEhThunk_0040dfc9","Oregon32.exe","0x40dfc9","0xdfc9","0xb","","0x00040e9a","","","","wip","cpp","","Semantic compiler-generated VC4 /GX cleanup funclet: frees TradeDialogBitmapOwnerSlotEhRecovery positioned-bitmap member at owner offset 0x28 from the dialog owner pointer held in [ebp-14h]. The candidate tail jump is not at the original operand offset, so it is unmasked. Demoted on 2026-07-16: raw candidate-RVA anchoring is layout-sensitive and is not accepted as semantic Product evidence."
"OtFreePositionedBitmapEhThunk_0040dfde","Oregon32.exe","0x40dfde","0xdfde","0x8","","0x00040ea5","","","","wip","cpp","","Semantic compiler-generated VC4 /GX cleanup funclet: frees TradeDialogBitmapOwnerSlotEhRecovery positioned-bitmap member at owner offset 0x0 from the dialog owner pointer held in [ebp-14h]. The candidate tail jump is not at the original operand offset, so it is unmasked. Demoted on 2026-07-16: raw candidate-RVA anchoring is layout-sensitive and is not accepted as semantic Product evidence."
"OtRollRiverCrossingOxLosses","Oregon32.exe","0x0040f180","0x0000f180","0x00000051","","","_OtRollRiverCrossingOxLosses_0040f180_Product","","src_otwin_river_river_crossing_outcomes_runtime.obj","match","cpp","2-5 34-37 49-52 63-66","Product C++ match for river-crossing ox-loss rolls; masks cover canonical global-address and direct-call operands only."
"OtRollRiverCrossingPartyCasualties","Oregon32.exe","0x0040f1e0","0x0000f1e0","0x0000008b","","","_OtRollRiverCrossingPartyCasualties_0040f1e0_RealCpp","","","match","cpp","25-28 73-76 117-120","Readable river-crossing casualty roller. Mask covers only the 2 direct OtRandomBelow call displacements and the g_journeyState absolute load."
"OtFinalizeRiverCrossingChoice","Oregon32.exe","0x0040f760","0x0000f760","0x0000006f","","","_OtFinalizeRiverCrossingChoice_0040f760_ProductWip@4","","src_otwin_river_river_crossing_outcomes_runtime.obj","match","cpp","3-6 18-21 24-27 46-49 53-56 60-63 73-76 78-81 84-91 94-101 104-107","Policy-clean Product C++ match: the adjacent primary/secondary event-text destinations are modeled as one semantic pointer pair, and isolated stock VC4 /O1 emits the original two direct stores without volatile or TU-context shaping. All 11 masked ranges are validated address or rel32 operands."
"OtRiver_EnsureScratchBuffer","Oregon32.exe","0x0040f7d0","0x0000f7d0","0x0000006a","","","_OtRiverEnsureScratchBuffer_RealCpp","","","match","cpp","2-5 19-22 24-27 35-38 40-43 48-51 56-59 66-69 72-75 88-91 95-98","Semantic C++ match: allocates a 32 KB river-crossing scratch buffer via GlobalAlloc on first use, shows a fatal MessageBox and posts WM_QUIT on allocation failure, otherwise zero-fills the locked buffer. Mask covers IAT call slots, DAT relocations, and direct call displacements."
"OtReleaseCachedGlobalHandle","Oregon32.exe","0x0040f840","0x0000f840","0x00000027","","","_OtReleaseCachedGlobalHandle_Product_0040f840","","","match","cpp","1-4 12-15 17-20 24-27 30-33","Promoted product C++ cleanup for the canonical active-text global-memory handle; mask covers only KERNEL32 imports and product-owned storage operands."
"OtShowWindowIfHidden","Oregon32.exe","0x0040fb50","0x0000fb50","0x1f","","","?OtShowWindowIfHidden_RealCpp@WindowVisibilityState_0040fb50@@QAEXPAX@Z","","","match","cpp","8-11 23-26","VC4 real C++ IsWindowVisible/ShowWindow guard for a child window; mask relocated USER32 import pointers."
"OtRiver_DialogInvokeWithDeviceContext","Oregon32.exe","0x0040fb70","0x0000fb70","0x0000008a","","","?OtRiver_DialogInvokeWithDeviceContextAlt5_RealCpp@RiverDialogDeviceContext_0040fb70@@QAEHXZ","","","match","cpp","10-13 19-22 46-49 54-57 59-62 64-67 85-88 101-104 106-109 128-131","Semantic C++ match: river dialog confirmation flow that notifies the parent, optionally blits the dialog client area, and restores focus after the retry prompt."
"OtCommitActiveEditTextToGlobal","Oregon32.exe","0x0040fdb0","0x0000fdb0","0x00000050","","","?OtCommitActiveEditTextToGlobal_0040fdb0_RealCpp@ActiveTextCommitState_0040fdb0@@QAEXXZ","","src_otwin_app_active_text_commit.obj","match","cpp","2-5 12-15 27-30 39-42 45-48 52-55 59-62 64-67 73-76","Product C++ match: commits edit-control text into the canonical global buffer, clears active ownership state, and destroys the completed edit window through direct Win32 imports."
"OtRiver_BlitDialogClientArea","Oregon32.exe","0x0040fe00","0x0000fe00","0x000000a8","","","?OtRiver_BlitDialogClientArea_0040fe00_RealCpp@RiverDialogDeviceContext_0040fb70@@QAEXI@Z","","","match","cpp","2-5 14-17 35-38 48-51 113-116 137-140 144-147 150-153 157-160","Semantic C++ match: compacts the shared trail-journal edit buffer after deleting the requested prefix, redraws the edit control, moves the caret to the end, and unlocks the buffer. Mask covers only the journal-buffer global, USER32/KERNEL32 IAT operands, and the direct caret-helper call displacement."
"OtMoveEditCaretToEnd","Oregon32.exe","0x0040feb0","0x0000feb0","0x00000030","","","?OtMoveEditCaretToEndAlt19_0040feb0_37pct@EditCaretState_0040feb0_37pct@@QAEXXZ","","src_otwin_app_ui_control_helpers.obj","match","cpp","9-12 19-22","Product C++ match: edit-caret helper using direct USER32 imports; masks cover relocated import slots."
"OtFreePositionedBitmapEhThunk_0040fff8","Oregon32.exe","0x40fff8","0xfff8","0xb","","","??0WillametteValleyArrivalDialogState_0040fee0_Product@@QAE@XZ+0x59","","src_otwin_graphics_construct_dialog_bitmap_owner_states.obj","match","cpp","7-10","Product compiler-generated VC4 /GX cleanup funclet for the genuine Willamette Valley arrival dialog state and its PositionedBitmap member at owner offset 0x50. Owner-relative locator is stable; mask covers only the generated destructor tail-jump rel32 operand."
"OtFreePositionedBitmapEhThunk_00410003","Oregon32.exe","0x410003","0x10003","0xb","","","??0WillametteValleyArrivalDialogState_0040fee0_Product@@QAE@XZ+0x64","","src_otwin_graphics_construct_dialog_bitmap_owner_states.obj","match","cpp","7-10","Product compiler-generated VC4 /GX cleanup funclet for the genuine Willamette Valley arrival dialog state and its PositionedBitmap member at owner offset 0x28. Owner-relative locator is stable; mask covers only the generated destructor tail-jump rel32 operand."
"OtFreePositionedBitmapEhThunk_0041000e","Oregon32.exe","0x41000e","0x1000e","0x8","","","??0WillametteValleyArrivalDialogState_0040fee0_Product@@QAE@XZ+0x79","","src_otwin_graphics_construct_dialog_bitmap_owner_states.obj","match","cpp","4-7","Product compiler-generated VC4 /GX cleanup funclet for the genuine Willamette Valley arrival dialog state and its PositionedBitmap member at owner offset 0x0. Owner-relative locator is stable; mask covers only the generated destructor tail-jump rel32 operand."
"OtFreeRawIndexedBitmap","Oregon32.exe","0x00410550","0x00010550","0x00000041","","","?OtFreeRawIndexedBitmapAlt5_00410550_42pct@RawIndexedBitmapFree_00410550_42pct@@QAEXXZ","","","match","cpp","15-18 26-29 37-40 43-46","Pure VC4 C++ match: unlocks and frees the raw indexed bitmap info and copied pixel global memory handles. Mask covers four imported KERNEL32 API operands."
"OtBlitRawIndexedBitmap","Oregon32.exe","0x004105a0","0x000105a0","0x000000bb","","","?OtBlitRawIndexedBitmap_Product_004105a0@RawIndexedBitmap_00410490_Product@@QAEXPAXHH@Z","","src_otwin_graphics_load_raw_indexed_bitmap.obj","wip","cpp","171-174","Readable Product C++ rebuilds the indexed DIB metadata, blits through StretchDIBits, and records draw coordinates. The remaining mismatch is final-call argument scheduling; a prior exact closure used irrelevant local-address round trips and is deliberately not credited."
"OtInitSpriteBlitter","Oregon32.exe","0x00410660","0x00010660","0x0000005e","","","??0SpriteBlitter_00410660_Product@@QAE@XZ","","src_otwin_graphics_sprite_blitter_runtime.obj","match","cpp","73-76 83-86","Product C++ sprite-blitter constructor; masks cover only the GlobalAlloc and GlobalLock IAT operands."
"OtFreeSpriteBlitter","Oregon32.exe","0x004106c0","0x000106c0","0x1d","","","@OtFreeSpriteBlitter_RealCpp@4","","","match","cpp","13-16 23-26","VC4 real C++ sprite blitter BITMAPINFO cleanup helper; masks relocated GlobalUnlock/GlobalFree import pointers."
"OtResetSpriteBlitterBitmapInfo","Oregon32.exe","0x004107b0","0x000107b0","0x00000084","","","?OtResetSpriteBlitterBitmapInfo_Product_004107b0@SpriteBlitter_00410660_Product@@QAEXXZ","","src_otwin_graphics_sprite_blitter_runtime.obj","match","cpp","","Product C++ match: refreshes sprite blitter BITMAPINFO, clears all DIB header fields, and repopulates palette indexes."
"OtSampleSpriteBufferPixel","Oregon32.exe","0x00410cf0","0x00010cf0","0x000000a2","","","?OtSampleSpriteBufferPixelAlt10_00410cf0_47pct@SpriteBufferSampler_00410cf0_47pct@@QBEFFF@Z","","src_otwin_graphics_sprite_buffer_sampling.obj","match","cpp","","Byte-exact pure Product VC4 C++ sampler with bounds checks, aligned row stride, frame offset, and signed palette-index return."
"OtFreePositionedBitmapEhThunk_00410ef9","Oregon32.exe","0x410ef9","0x10ef9","0xb","","","??0DeathDialogState_00410da0_Product@@QAE@XZ+0xbc","","src_otwin_trail_construct_death_dialog_state.obj","match","cpp","7-10","Product VC4 /GX cleanup for the genuine Death dialog state; destroys the PositionedBitmap at owner offset 0x78. The mask covers only the complete direct-jump rel32 operand."
"OtFreePositionedBitmapEhThunk_00410f04","Oregon32.exe","0x410f04","0x10f04","0xb","","","??0DeathDialogState_00410da0_Product@@QAE@XZ+0xc7","","src_otwin_trail_construct_death_dialog_state.obj","match","cpp","7-10","Product VC4 /GX cleanup for the genuine Death dialog state; destroys the PositionedBitmap at owner offset 0x50. The mask covers only the complete direct-jump rel32 operand."
"OtFreePositionedBitmapEhThunk_00410f0f","Oregon32.exe","0x410f0f","0x10f0f","0xb","","","??0DeathDialogState_00410da0_Product@@QAE@XZ+0xd2","","src_otwin_trail_construct_death_dialog_state.obj","match","cpp","7-10","Product VC4 /GX cleanup for the genuine Death dialog state; destroys the PositionedBitmap at owner offset 0x28. The mask covers only the complete direct-jump rel32 operand."
"OtFreePositionedBitmapEhThunk_00410f1a","Oregon32.exe","0x410f1a","0x10f1a","0x8","","","??0DeathDialogState_00410da0_Product@@QAE@XZ+0xe7","","src_otwin_trail_construct_death_dialog_state.obj","match","cpp","4-7","Product VC4 /GX cleanup for the genuine Death dialog state; destroys the PositionedBitmap at owner offset 0x0. The mask covers only the complete direct-jump rel32 operand."
"OtFreePositionedBitmapEhThunk_004117d6","Oregon32.exe","0x4117d6","0x117d6","0xb","","","??0EpitaphDialogState_004116e0_Product@@QAE@XZ+0x65","","src_otwin_graphics_construct_dialog_bitmap_owner_states.obj","match","cpp","7-10","Product compiler-generated VC4 /GX cleanup funclet for the genuine Epitaph dialog state and its PositionedBitmap member at owner offset 0x78. Owner-relative locator is stable; mask covers only the generated destructor tail-jump rel32 operand."
"OtFreePositionedBitmapEhThunk_004117e1","Oregon32.exe","0x4117e1","0x117e1","0xb","","","??0EpitaphDialogState_004116e0_Product@@QAE@XZ+0x70","","src_otwin_graphics_construct_dialog_bitmap_owner_states.obj","match","cpp","7-10","Product compiler-generated VC4 /GX cleanup funclet for the genuine Epitaph dialog state and its PositionedBitmap member at owner offset 0x50. Owner-relative locator is stable; mask covers only the generated destructor tail-jump rel32 operand."
"OtFreePositionedBitmapEhThunk_004117ec","Oregon32.exe","0x4117ec","0x117ec","0xb","","","??0EpitaphDialogState_004116e0_Product@@QAE@XZ+0x7b","","src_otwin_graphics_construct_dialog_bitmap_owner_states.obj","match","cpp","7-10","Product compiler-generated VC4 /GX cleanup funclet for the genuine Epitaph dialog state and its PositionedBitmap member at owner offset 0x28. Owner-relative locator is stable; mask covers only the generated destructor tail-jump rel32 operand."
"OtFreePositionedBitmapEhThunk_004117f7","Oregon32.exe","0x4117f7","0x117f7","0x8","","","??0EpitaphDialogState_004116e0_Product@@QAE@XZ+0x90","","src_otwin_graphics_construct_dialog_bitmap_owner_states.obj","match","cpp","4-7","Product compiler-generated VC4 /GX cleanup funclet for the genuine Epitaph dialog state and its PositionedBitmap member at owner offset 0x0. Owner-relative locator is stable; mask covers only the generated destructor tail-jump rel32 operand."
"OtInitGraveSiteRuntime","Oregon32.exe","0x00411ee0","0x00011ee0","0x00000008","","","??0GraveSiteRuntime_00411ee0@@QAE@XZ","","src_otwin_trail_trail_state_initializers.obj","match","cpp","","Product C++ match: initializes the cached route-zone sentinel and returns the runtime state."
"OtShouldTriggerGraveSiteEvent","Oregon32.exe","0x00412220","0x00012220","0x00000085","","","@OtShouldTriggerGraveSiteEvent_00412220_Product@4","","src_otwin_trail_grave_site_trigger_runtime.obj","match","cpp","4-7 22-25 37-40 56-59 78-81 98-101","Semantic C++ match: grave-site trigger predicate. Checks the grave-site runtime toggle, skips already reported markers, resolves the current route segment id from journey state, then tests landmark and mile-marker crossing window. Mask covers the dependency call displacement plus g_journeyState relocation sites."
"OtRemoveHuntSpriteSlot","Oregon32.exe","0x00412ea0","0x00012ea0","0x0000003d","","","?OtRemoveHuntSpriteSlot_Product@HuntRuntimeState_004122b0_Product@@QAEXH@Z","","src_otwin_hunt_hunt_sprite_management.obj","match","cpp","","Byte-exact maskless Product C++: shifts the ordered hunt-sprite table left from the removed slot, recycles the removed allocation at slot 19, and marks it inactive."
"OtRedrawHuntSpriteSlot","Oregon32.exe","0x00414340","0x00014340","0x00000073","","","?OtRedrawHuntSpriteSlot_00414340_RealCpp@HuntState_00414340@@QAEXPAXH@Z","","","match","cpp","37-40 73-76 104-107","Semantic C++ match: rebuilds one hunt sprite slot by extracting its background region, compositing active sprites until the sentinel slot, and blitting the refreshed sprite buffer. Mask covers only direct helper-call displacements."
"OtRedrawHuntSceneWithoutSpriteSlot","Oregon32.exe","0x004143c0","0x000143c0","0x00000082","","","?OtRedrawHuntSceneWithoutSpriteSlot_004143c0_RealCpp@HuntState_00414340@@QAEXPAXH@Z","","src_otwin_hunt_hunt_sprite_redraw.obj","match","cpp","37-40 77-80 119-122","Product C++ match for rebuilding the hunt scene while omitting one sprite slot; masks cover direct-call operands only."
"OtFreePositionedBitmapEhThunk_0041585d","Oregon32.exe","0x41585d","0x1585d","0xb","","","_OtInitWelcomeDialog_00415d30_RealCpp+0x204","","src_otwin_app_init_welcome_dialog.obj","match","cpp","7-10","Product-reachable compiler-generated VC4 /GX cleanup funclet from the exact Product welcome-dialog initializer's implicit WelcomeDialogBitmapState construction: destroys the positioned-bitmap member at owner offset 0x78 during unwinding. Parent-symbol-relative Product anchor is stable across repeated integrated VC4 builds; mask covers only the generated direct jmp rel32 to the member destructor."
"OtFreePositionedBitmapEhThunk_00415888","Oregon32.exe","0x415888","0x15888","0x8","","","_OtInitWelcomeDialog_00415d30_RealCpp+0x225","","src_otwin_app_init_welcome_dialog.obj","match","cpp","4-7","Product-reachable compiler-generated VC4 /GX cleanup funclet from the exact Product welcome-dialog initializer's implicit WelcomeDialogBitmapState construction: destroys the positioned-bitmap member at owner offset 0x0 during unwinding. Parent-symbol-relative Product anchor is stable across repeated integrated VC4 builds; mask covers only the generated direct jmp rel32 to the member destructor."
"OtLoadTrailEventDescriptor","Oregon32.exe","0x00416320","0x00016320","0x0000005f","","","??0TrailEventDescriptor_00416320@@QAE@I@Z","","src_otwin_trail_trail_event_descriptor.obj","match","cpp","4-7 28-31 35-38 45-48 55-58 64-67 82-85","Exact Product C++ descriptor constructor: installs the genuine common dispatch table and copies the built-in type-0x3e8 resource. Masks cover only the table/resource-module relocations and resource API import operands."
"OtAddTrailDelayDays","Oregon32.exe","0x00416380","0x00016380","0x0000003d","","","_OtAddTrailDelayDays_00416380_RealCpp@4","","","wip","cpp","35-38 48-51 53-56","Uncredited Product WIP: the prior exact result depended on neighboring source-shape variants; the isolated clean semantic body moves the first journey-state operand away from original offsets 8-11, which are now unmasked, and retains hard journey-pointer/register differences."
"OtPrimeActiveTrailEventContext","Oregon32.exe","0x004163c0","0x000163c0","0x00000093","","","?OtPrimeActiveTrailEventContext_004163c0_RealCpp@TrailEventContextSource_004163c0@@QAEXXZ","","src_otwin_app_general_helpers.obj","match","cpp","3-6 15-18 26-29 31-34 42-45 48-51 86-89 95-98 106-109 118-125 128-135 142-145","Product C++ match: primes the active trail-event message context from canonical journey state; masks cover only full absolute global/pointer-address operands."
"OtSetTrailEventPendingState","Oregon32.exe","0x00416460","0x00016460","0xb","","","?OtSetTrailEventPendingState_RealCpp@TrailEventPendingStateImplementation_00416460@@QAEXH@Z","","src_otwin_app_utility_stubs.obj","match","cpp","","Exact nonvirtual Product implementation stored directly in the recovered dispatch tables; the runtime call interface remains virtual and the full int parameter is truncated by the 16-bit object field."
"OtSetUnimplementedEventMessage","Oregon32.exe","0x00416470","0x00016470","0xb","","","_OtSetUnimplementedEventMessage_RealCpp","","","match","cpp","2-9","VC4 real C++ global pointer store; mask destination/source relocated addresses."
"OtRunBlizzardEvent","Oregon32.exe","0x00416480","0x00016480","0x0000006d","","","?OtRunBlizzardEvent_RealCpp@TrailEventRunner_00416c50@@QAEXXZ","","","match","cpp","4-7 13-16 23-26 28-31 33-36 44-47 56-59 61-64 78-81 90-93 103-106","semantic blizzard trail event runner"
"OtSetPartyRecoveryEventPendingState","Oregon32.exe","0x004165c0","0x000165c0","0x00000023","","","?OtSetPartyRecoveryEventPendingState_RealCpp@PartyFollowupEventObject_004165c0@@QAEXH@Z","","","match","cpp","","Semantic C++ match: semantic event follow-up helper"
"OtRunPartyRecoveryEvent","Oregon32.exe","0x004165f0","0x000165f0","0x0000008b","","","@OtRunPartyRecoveryEvent_000165f0_SemanticCandidate@4","","","wip","cpp","","WIP semantic conversion replacing the _emit scaffold; measured 112/139 residual on 2026-05-21 and needs party-recovery call/register-shape follow-up."
"OtSetPartyDeathEventPendingState","Oregon32.exe","0x004168a0","0x000168a0","0x00000023","","","?OtSetPartyDeathEventPendingState_RealCpp@PartyFollowupEventObject_004165c0@@QAEXH@Z","","","match","cpp","","Semantic C++ match: semantic event follow-up helper"
"OtRunDustStormEvent","Oregon32.exe","0x00416ab0","0x00016ab0","0x00000062","","","?OtRunDustStormEvent_RealCpp@TrailEventRunner_00416c50@@QAEXXZ","","","match","cpp","4-7 13-16 18-21 34-37 39-42 45-48 50-53 67-70 79-82 92-95","semantic dust-storm trail event runner"
"OtRunHeavyFogEvent","Oregon32.exe","0x00416b20","0x00016b20","0x00000062","","","?OtRunHeavyFogEvent_RealCpp@TrailEventRunner_00416c50@@QAEXXZ","","","match","cpp","4-7 13-16 18-21 34-37 39-42 45-48 50-53 67-70 79-82 92-95","semantic heavy-fog trail event runner"
"OtRunNoWaterEvent","Oregon32.exe","0x00416c50","0x00016c50","0x0000005c","","","?OtRunNoWaterEvent_RealCpp@TrailEventRunner_00416c50@@QAEXXZ","","","match","cpp","4-7 9-12 28-31 33-36 39-42 44-47 61-64 73-76 86-89","semantic no-water trail event runner"
"OtRunOxSickEvent","Oregon32.exe","0x00416cb0","0x00016cb0","0x000000b6","","","?OtRunOxSickEvent_RealCpp@TrailEventRunner_00416c50@@QAEXXZ","","","match","cpp","2-5 35-38 52-55 68-71 89-92 99-102 104-107 110-113 115-118 132-135 144-147 157-160 162-165","semantic sick-ox event runner"
"OtRunSevereStormEvent","Oregon32.exe","0x00416d70","0x00016d70","0x0000006c","","","?OtRunSevereStormEvent_RealCpp@TrailEventRunner_00416c50@@QAEXXZ","","","match","cpp","4-7 13-16 18-21 34-37 39-42 49-52 55-58 60-63 77-80 89-92 102-105","semantic severe-storm trail event runner"
"OtRunGraveSiteEvent","Oregon32.exe","0x00416de0","0x00016de0","0x0000005a","","","?OtRunGraveSiteEvent_RealCpp@TrailEventRunner_00416c50@@QAEXXZ","","","match","cpp","4-7 14-17 19-22 25-28 30-33 47-50 59-62 72-75 77-80","semantic gravesite trail event runner"
"OtRunBadWaterEvent","Oregon32.exe","0x00416fd0","0x00016fd0","0x0000005c","","","?OtRunBadWaterEvent_RealCpp@TrailEventRunner_00416c50@@QAEXXZ","","","match","cpp","4-7 9-12 28-31 33-36 39-42 44-47 61-64 73-76 86-89","semantic bad-water trail event runner"
"OtRunBrokenArmEvent","Oregon32.exe","0x00417030","0x00017030","0x000000a8","","","?OtRunBrokenArmEvent_RealCpp@TrailEventRunner_00416c50@@QAEXXZ","","","match","cpp","6-9 11-14 19-22 36-39 42-45 71-74 84-87 93-96 103-106 108-111 114-117 119-122 136-139 148-151 161-164","semantic broken-arm event runner"
"OtRunBrokenLegEvent","Oregon32.exe","0x004170e0","0x000170e0","0x000000a8","","","?OtRunBrokenLegEvent_RealCpp@TrailEventRunner_00416c50@@QAEXXZ","","","match","cpp","6-9 11-14 19-22 36-39 42-45 71-74 84-87 93-96 103-106 108-111 114-117 119-122 136-139 148-151 161-164","semantic broken-leg event runner"
"OtRunBrokenWagonAxleEvent","Oregon32.exe","0x004172d0","0x000172d0","0x00000071","","","?OtRunBrokenWagonAxleEventAlt1_004172d0_RealCpp@TrailEventRunner_004172d0@@QAEXXZ","","","wip","cpp","","WIP semantic conversion replacing the _emit scaffold; measured 59/113 residual on 2026-05-24 and needs broken-wagon supply source-shape follow-up."
"OtRunBrokenWagonTongueEvent","Oregon32.exe","0x00417350","0x00017350","0x00000071","","","?OtRunBrokenWagonTongueEventAlt1_00417350_RealCpp@TrailEventRunner_00417350@@QAEXXZ","","","wip","cpp","","WIP semantic conversion replacing the _emit scaffold; measured 59/113 residual on 2026-05-24 and needs broken-wagon supply source-shape follow-up."
"OtRunBrokenWagonWheelEvent","Oregon32.exe","0x004173d0","0x000173d0","0x00000070","","","?OtRunBrokenWagonWheelEventAlt12_004173d0_RealCpp@TrailEventRunner_004173d0@@QAEXXZ","","","wip","cpp","","WIP semantic conversion replacing the _emit scaffold; measured 36/112 residual on 2026-05-24 and needs broken-supply source-shape follow-up."
"OtRunHailStormEvent","Oregon32.exe","0x00417440","0x00017440","0x0000006c","","","?OtRunHailStormEvent_RealCpp@TrailEventRunner_00416c50@@QAEXXZ","","","match","cpp","4-7 13-16 18-21 34-37 39-42 49-52 55-58 60-63 77-80 89-92 102-105","semantic hail-storm trail event runner"
"OtRunTrailImpassableEvent","Oregon32.exe","0x004174b0","0x000174b0","0x00000062","","","?OtRunTrailImpassableEvent_RealCpp@TrailEventRunner_00416c50@@QAEXXZ","","","match","cpp","4-7 11-14 24-27 34-37 39-42 45-48 50-53 67-70 79-82 92-95","semantic trail-impassable event runner"
"OtRunWanderingOxEvent","Oregon32.exe","0x00417660","0x00017660","0x00000062","","","?OtRunWanderingOxEvent_RealCpp@TrailEventRunner_00416c50@@QAEXXZ","","","match","cpp","4-7 11-14 24-27 34-37 39-42 45-48 50-53 67-70 79-82 92-95","semantic wandering-ox event runner"
"OtRunLostPartyMemberEvent","Oregon32.exe","0x004176d0","0x000176d0","0x00000096","","","?OtRunLostPartyMemberEvent_RealCpp@TrailEventRunner_00416c50@@QAEXXZ","","","match","cpp","4-7 10-13 15-18 37-40 47-50 52-55 65-68 72-75 85-88 91-94 97-100 102-105 119-122 131-134 144-147","semantic lost-party-member event runner"
"OtRunLostTrailEvent","Oregon32.exe","0x00417770","0x00017770","0x00000062","","","?OtRunLostTrailEvent_RealCpp@TrailEventRunner_00416c50@@QAEXXZ","","","match","cpp","4-7 11-14 24-27 34-37 39-42 45-48 50-53 67-70 79-82 92-95","semantic lost-trail event runner"
"OtRunNoGrassForOxenEvent","Oregon32.exe","0x004177e0","0x000177e0","0x000000a4","","","?OtRunNoGrassForOxenEvent_RealCpp@TrailEventRunner_00416c50@@QAEXXZ","","src_otwin_trail_no_grass_for_oxen_event.obj","match","cpp","4-7 26-29 39-42 58-61 73-76 92-95 97-100 102-105 108-111 113-116 130-133 142-145 155-158","Product C++ match: formats ox/oxen text and posts the no-grass event through authentic trail dependencies; masks cover only full DAT/IAT and direct-call operands."
"OtRunRoughTrailEvent","Oregon32.exe","0x00417890","0x00017890","0x0000005c","","","?OtRunRoughTrailEvent_RealCpp@TrailEventRunner_00416c50@@QAEXXZ","","","match","cpp","4-7 9-12 28-31 33-36 39-42 44-47 61-64 73-76 86-89","semantic rough-trail event runner"
"OtRunSnakeBiteEvent","Oregon32.exe","0x004178f0","0x000178f0","0x000000aa","","","?OtRunSnakeBiteEvent_RealCpp@TrailEventRunner_00416c50@@QAEXXZ","","","match","cpp","5-8 11-14 16-19 26-29 32-35 51-54 86-89 95-98 105-108 110-113 116-119 121-124 138-141 150-153 163-166","semantic snake-bite event runner"
"OtRunSnowboundWagonEvent","Oregon32.exe","0x004179a0","0x000179a0","0x00000062","","","?OtRunSnowboundWagonEvent_RealCpp@TrailEventRunner_00416c50@@QAEXXZ","","","match","cpp","4-7 11-14 24-27 34-37 39-42 45-48 50-53 67-70 79-82 92-95","semantic snowbound-wagon event runner"
"OtRunWrongTrailEvent","Oregon32.exe","0x00417b20","0x00017b20","0x00000062","","","?OtRunWrongTrailEvent_RealCpp@TrailEventRunner_00416c50@@QAEXXZ","","","match","cpp","4-7 11-14 24-27 34-37 39-42 45-48 50-53 67-70 79-82 92-95","semantic wrong-trail event runner"
"OtDeleteTrailEventObjectTable","Oregon32.exe","0x00418c50","0x00018c50","0x0000001e","","","_OtDeleteTrailEventObjectTable_RealCpp","","","match","cpp","2-5 13-16 22-25","Semantic C++ match: startup trail-event object table cleanup"
"OtTriggerTrailEventById","Oregon32.exe","0x00418c70","0x00018c70","0x13","","","_OtTriggerTrailEventById_RealCpp","","","match","cpp","10-13","VC4 real C++ vtable dispatch through the global trail-event table; mask relocated table address."
"OtClearTrailEventById","Oregon32.exe","0x00418c90","0x00018c90","0x13","","","_OtClearTrailEventById_RealCpp","","","match","cpp","10-13","VC4 real C++ vtable dispatch that clears a pending trail-event flag; mask relocated table address."
"OtQueuePartyRecoveryEventForMember","Oregon32.exe","0x00418cb0","0x00018cb0","0x25","","","_OtQueuePartyRecoveryEventForMember_RealCpp","","","match","cpp","3-6 9-12 19-22","VC4 real C++ party recovery follow-up queue helper; masks relocated global event object addresses."
"OtQueuePartyDeathEventForMember","Oregon32.exe","0x00418ce0","0x00018ce0","0x25","","","_OtQueuePartyDeathEventForMember_RealCpp","","","match","cpp","3-6 9-12 19-22","VC4 real C++ party death follow-up queue helper; masks relocated global event object addresses."
"OtTriggerRandomBrokenWagonPartEvent","Oregon32.exe","0x00418d10","0x00018d10","0x0000003a","","","_OtTriggerRandomBrokenWagonPartEvent_RealCpp","","","match","cpp","3-6 28-31 39-42 50-53","semantic random broken wagon part event selector"
"OtDispatchTrailScenePhaseCallbacks","Oregon32.exe","0x00419200","0x00019200","0x00000077","","","_OtDispatchTrailScenePhaseCallbacks_00419200_RealCpp","","","wip","cpp","17-20 27-30 57-60 66-69","Policy-clean 119-byte / 43-instruction VC4 /O1 candidate with direct callback and gate dependencies. Twelve hard bytes remain because VC4 emits mov edi,1 before the dispatch-flag store while the original stores the flag first; the moved dispatch-flag operand is deliberately unmasked."
"OtAdvanceGameDate","Oregon32.exe","0x00419280","0x00019280","0x00000072","","","?OtAdvanceGameDate_RealCpp@TrailDateState_00419280@@QAEXXZ","","src_otwin_trail_event_handlers.obj","match","cpp","22-25 85-88 92-95 101-104 108-111","Product C++ match for advancing the trail calendar and refreshing its display; masks cover direct-call and data-address operands only."
"OtInitializeGameDate","Oregon32.exe","0x00419410","0x00019410","0x0000001d","","","?OtInitializeGameDate_RealCpp@GameDateState_00419410@@QAEXF@Z","","src_otwin_trail_trail_state_initializers.obj","match","cpp","22-25","Product C++ match: initializes the starting year, month resource id, and day, then calls the real formatted-date refresh member."
"OtCopyTrailDateNameTriple","Oregon32.exe","0x00419430","0x00019430","0x00000077","","","??0JourneyRuntime_00419430@@QAE@XZ","","","match","cpp","10-13 41-44 78-81","Semantic C++ match: copies the three current calendar label strings (day-name, month-name, year-name) into the calendar-state struct via inlined strcpy (repne scas + rep movsd/b). Mask covers the 3 DAT relocations for the source strings."
"OtMatchTrailDateNameTriple","Oregon32.exe","0x004194b0","0x000194b0","0x000000af","","","?OtMatchTrailDateNameTriple_RealCpp@TrailCalendarNameTriple_00419430@@QAEHXZ","","","match","cpp","5-8 51-54 96-99","Semantic C++ compares the cached trail date-name triple against the current day, month, and year-name globals using VC4 inline strcmp expansions."
"OtComputePartyHealthScore","Oregon32.exe","0x00419560","0x00019560","0x0000005d","","","?OtComputePartyHealthScore_RealCpp@PartyHealthScoreState_00419560_80pct@@QBEFXZ","","src_otwin_trail_party_health_runtime.obj","wip","cpp","","Uncredited Product WIP: isolated clean VC4 source legally regroups the arithmetic and uses different registers; the former exact result depended on neighboring definitions and is not accepted as semantic evidence."
"OtGetPartyHealthClassStringId","Oregon32.exe","0x004195c0","0x000195c0","0x00000028","","","_OtGetPartyHealthClassStringIdAlt3_004195c0_39pct","","","match","cpp","","Semantic C++ match: maps the computed party-health score into the trail-HUD condition string ID via a local dependency wrapper that preserves the original call distance."
"OtChooseRandomLivingPartyMemberSlot","Oregon32.exe","0x004195f0","0x000195f0","0x0000006f","","","@OtChooseRandomLivingPartyMemberSlotAlt27NoAsm_004195f0_40pct@4","","","match","cpp","93-96","Semantic C++ match: builds the living party-member slot list and chooses a random slot using readable no-ASM C++. Mask covers only the final OtRandomBelow direct-call displacement."
"OtSetOccupationAndStartingCash","Oregon32.exe","0x00419760","0x00019760","0x000000a1","","","?OtSetOccupationAndStartingCash_00419760_RealCpp@JourneyOccupationState_00419760@@QAEXF@Z","","","match","cpp","27-30 32-35 37-40 145-148 152-155","Semantic C++ match: records the selected occupation, assigns the original Win95 starting-cash switch table, and loads the occupation display name. Mask covers the switch table, undefined-occupation string/call, resource-module global, and LoadStringA IAT operand."
"OtPopulatePartyStatsDialogList","Oregon32.exe","0x00419830","0x00019830","0x000000a2","","","?OtPopulatePartyStatsDialogList_00419830_RealCpp@PartyStatsDialogList_00419830@@QAEXXZ","","","match","cpp","34-37 49-52 74-77 123-126 141-144 147-150","Semantic C++ match: fills five party-stat dialog name slots with unique random resource names, then restores the default first member name."
"OtAdvanceToNextRouteSegment","Oregon32.exe","0x004198e0","0x000198e0","0x0000008c","","","?OtAdvanceToNextRouteSegment_RealCpp@JourneyState_004198e0@@QAEXF@Z","","","match","cpp","16-19 56-59 80-83 115-118 121-124 127-130 132-135","Semantic C++ advances an exhausted trail route segment: records the completed route, chooses primary or alternate successor fields, reloads the active route descriptor, and refreshes grave-site tracking. Mask covers direct helper-call displacements and active-route/grave-site global operands."
"OtCountLivingPartyMembers","Oregon32.exe","0x00419970","0x00019970","0x26","","","@OtCountLivingPartyMembers_RealCpp@4","","","match","cpp","","VC4 real C++ living-party-member count helper; scans five member-state slots for non-dead entries."
"OtConsumeDailyFood","Oregon32.exe","0x00419b50","0x00019b50","0x00000078","","","@OtConsumeDailyFood_00419b50_Product@4","","src_otwin_trail_trail_daily_state_runtime.obj","match","cpp","4-7","Semantic C++ match: daily ration food consumption and fractional-food carry"
"OtApplyTravelProgressEffects","Oregon32.exe","0x00419f60","0x00019f60","0x0000009f","","","?OtApplyTravelProgressEffectsAlt7_00419f60@JourneyState_00419f60@@QAEXI@Z","","src_otwin_trail_apply_travel_progress_effects.obj","match","cpp","10-13 40-43 106-109 111-114 122-125 132-135 139-142 146-149 151-154","Semantic C++ match: applies daily trail progress effects, clears completed route-stop delay flags, advances date/weather/food/health state, and rolls follow-up random events."
"OtFlushPendingMileageAdjustment","Oregon32.exe","0x0041a100","0x0001a100","0x00000015","","","@OtFlushPendingMileageAdjustment_RealCpp@4","","src_otwin_trail_trail_state_initializers.obj","match","cpp","","Product C++ match: moves the pending route-mile adjustment into the applied-mile accumulator and clears the pending field."
"OtShutdownJourneyRuntime","Oregon32.exe","0x0041a270","0x0001a270","0x00000066","","","_OtShutdownJourneyRuntime_RealCpp","","","match","cpp","1-4 11-14 17-20 29-32 39-42 45-48 57-60 67-70 73-76 85-88 90-93 97-100","semantic journey runtime cleanup"
"OtClearEventAdjustmentList","Oregon32.exe","0x0041a300","0x0001a300","0x17","","","@OtClearEventAdjustmentList_RealCpp@4","","","match","cpp","","VC4 real C++ event-adjustment list clear helper; clears 13 signed 16-bit entries and returns the list pointer."
"OtHasEventAdjustmentEntries","Oregon32.exe","0x0041a410","0x0001a410","0x1e","","","@OtHasEventAdjustmentEntries_RealCpp@4","","","match","cpp","","VC4 real C++ event-adjustment nonzero scan helper."
"OtFormatDelayDaysText","Oregon32.exe","0x0041ac20","0x0001ac20","0x00000058","","","?OtFormatDelayDaysText_RealCpp@DelayTextState_0041ac20@@QAEXF@Z","","src_otwin_trail_format_delay_days_text.obj","match","cpp","29-32 35-38 66-69 73-76","Product C++ exact under validated address masks: direct LoadStringA and wsprintfA imports reproduce the original VC4 instruction and register schedule while formatting the singular/plural delay caption."
"OtFreePositionedBitmapEhThunk_0041b0b5","Oregon32.exe","0x41b0b5","0x1b0b5","0x8","","","??0AboutDialogState_0041afa0_Product@@QAE@XZ+0x62","","src_otwin_graphics_construct_dialog_bitmap_owner_states.obj","match","cpp","4-7","Product compiler-generated VC4 /GX cleanup funclet for the genuine About dialog state and its PositionedBitmap member at owner offset 0x0. Owner-relative locator is stable; mask covers only the generated destructor tail-jump rel32 operand."
"OtFreePositionedBitmapEhThunk_0041bca5","Oregon32.exe","0x41bca5","0x1bca5","0x8","","","_OtInitTitleDialog_0041c410_RealCpp+0xe4","","src_otwin_app_init_title_dialog.obj","match","cpp","4-7","Product-reachable compiler-generated VC4 /GX cleanup funclet from the exact Product title-dialog initializer's implicit TitleDialogState construction: destroys the positioned-bitmap member at owner offset 0x0 during unwinding. Parent-symbol-relative Product anchor is stable across repeated integrated VC4 builds; mask covers only the generated direct jmp rel32 to the member destructor."
"OtToggleTitleAttractFrame","Oregon32.exe","0x0041c920","0x0001c920","0x0000005f","","","_OtToggleTitleAttractFrame_RealCpp","","","match","cpp","2-5 12-15 25-28 51-54 82-85 89-92","semantic title attract frame toggler"
"OtFreePositionedBitmapEhThunk_0041d169","Oregon32.exe","0x41d169","0x1d169","0x8","","","??0StatusDialogState_0041d040_Product@@QAE@XZ+0x62","","src_otwin_graphics_construct_dialog_bitmap_owner_states.obj","match","cpp","4-7","Product compiler-generated VC4 /GX cleanup funclet for the genuine Status dialog state and its PositionedBitmap member at owner offset 0x0. Owner-relative locator is stable; mask covers only the generated destructor tail-jump rel32 operand."
"OtFreePositionedBitmapEhThunk_0041e4e9","Oregon32.exe","0x41e4e9","0x1e4e9","0x8","","","??0RestDialogState_0041e370_Product@@QAE@XZ+0x90","","src_otwin_trail_construct_rest_dialog_state.obj","match","cpp","4-7","Product compiler-generated VC4 /GX constructor cleanup funclet for the genuine Rest dialog state: destroys the PositionedBitmap member at owner offset 0x0. Owner-relative anchoring is stable across fresh links; the mask covers only the complete generated direct-jump rel32 operand to the Product destructor."
"OtFreePositionedBitmapEhThunk_0041ec1c","Oregon32.exe","0x41ec1c","0x1ec1c","0x8","","","??0DropSuppliesDialogState_0041ead0_Product@@QAE@XZ+0x90","","src_otwin_graphics_construct_dialog_bitmap_owner_states.obj","match","cpp","4-7","Product compiler-generated VC4 /GX cleanup funclet for the genuine Drop Supplies dialog state and its PositionedBitmap member at owner offset 0x0. Owner-relative locator is stable; mask covers only the generated destructor tail-jump rel32 operand."
"OtFreePositionedBitmapEhThunk_004211c1","Oregon32.exe","0x4211c1","0x211c1","0x8","","","??0TalkDialogState_00421020_Product@@QAE@XZ+0x104","","src_otwin_trail_construct_talk_dialog_state.obj","match","cpp","4-7","Product compiler-generated VC4 /GX constructor cleanup funclet for the genuine Talk dialog state: destroys the PositionedBitmap member at owner offset 0x0. Owner-relative anchoring is stable across fresh links; the mask covers only the complete generated direct-jump rel32 operand to the Product destructor."
"OtFreePositionedBitmapEhThunk_00421c29","Oregon32.exe","0x421c29","0x21c29","0x8","","","_OtInitTrailEventDialog_00422120_RealCpp+0x3c7","","src_otwin_trail_init_trail_event_dialog.obj","match","cpp","4-7","Product-reachable compiler-generated VC4 /GX cleanup funclet from the exact Product trail-event initializer's implicit TrailEventDialogBitmapState construction: destroys the positioned-bitmap member at owner offset 0x0 during unwinding. Parent-symbol-relative Product anchor is stable across repeated integrated VC4 builds; mask covers only the generated direct jmp rel32 to the member destructor."
"OtMfcCxxCatchReturnZeroFragment_0042207a","Oregon32.exe","0x42207a","0x2207a","0x6","","0x000386fc","","","","wip","cpp","","Semantic compiler-generated VC4 C++ EH catch-return fragment emitted by src/otwin/_recovery/app/mfc_seh_unwind_recovery.cpp from an ordinary catch (...) { return 0; } source shape; this row covers the xor eax,eax prefix immediately before the generated fs:[0] unwind tail. No raw byte emit or naked-asm oracle. Demoted on 2026-07-16: raw candidate-RVA anchoring is layout-sensitive and is not accepted as semantic Product evidence."
"OtFreePositionedBitmapEhThunk_0042397c","Oregon32.exe","0x42397c","0x2397c","0x8","","","??0RiverCrossingHelpDialogState_00423880_Product@@QAE@XZ+0x62","","src_otwin_graphics_construct_dialog_bitmap_owner_states.obj","match","cpp","4-7","Product compiler-generated VC4 /GX cleanup funclet for the genuine River Crossing Help dialog state and its PositionedBitmap member at owner offset 0x0. Owner-relative locator is stable; mask covers only the generated destructor tail-jump rel32 operand."
"OtFreePositionedBitmapEhThunk_0042402d","Oregon32.exe","0x42402d","0x2402d","0x8","","","??0StartDateDialogState_00423da0_Product@@QAE@XZ+0x243","","src_otwin_trail_construct_start_date_dialog_state.obj","match","cpp","4-7","Product compiler-generated VC4 /GX constructor cleanup funclet for the genuine Start Date dialog state: destroys the PositionedBitmap member at owner offset 0x0. Owner-relative anchoring is stable across fresh links; the mask covers only the complete generated direct-jump rel32 operand to the Product destructor."
"OtLoadRouteDescriptor","Oregon32.exe","0x00424dd0","0x00024dd0","0x00000055","","","?Load@RouteDescriptorBlock_00424dd0_Product@@QAEXF@Z","","src_otwin_trail_route_descriptor_runtime.obj","match","cpp","14-17 30-33 37-40 44-47 53-56 59-62 75-78","Promoted product C++ route-descriptor resource loader using direct KERNEL32 imports."
"OtSelectRouteLocationBitmapResourceId","Oregon32.exe","0x00424e30","0x00024e30","0x00000049","","","@OtSelectRouteLocationBitmapResourceId_RealCpp@4","","","match","cpp","3-6 21-24 50-53","semantic route/location bitmap selector"
"OtFormatLocationArrivalMessage","Oregon32.exe","0x00424e80","0x00024e80","0x00000085","","","?OtFormatLocationArrivalMessage_00424e80_RealCpp@RouteDescriptor_00424e80@@QAEPADXZ","","","match","cpp","11-14 24-27 43-46 55-58 72-75 79-82 89-92 94-97 99-102 114-117 119-122 124-127","Semantic C++ formats the trail event adjustment list, loads the route-stop name string, selects the arrival text id from the route-stop switch, and returns the shared trail follow-up text."
"OtFreePositionedBitmapEhThunk_00425058","Oregon32.exe","0x425058","0x25058","0x8","","","_OtWillametteValleySummaryDialogProc_00424f50_ProductWip@16+0x108","","src_otwin_trail_willamette_valley_summary_dialog_runtime.obj","match","cpp","4-7","Product-reachable compiler-generated VC4 /GX cleanup funclet from the genuine Willamette Valley Summary callback's natural three-member state destruction: destroys the PositionedBitmap member at owner offset 0x0. Parent-symbol-relative Product anchoring is stable; the mask covers only the generated destructor tail-jump rel32 operand."
"OtDestroyRaftingDialogState","Oregon32.exe","0x00426680","0x00026680","0x000000b3","","","?OtDestroyRaftingDialogState_00426680_RealCpp@RaftingDialogState_00426680@@QAEXXZ","","","match","cpp","20-23 33-36 39-42 55-58 72-75 78-81 91-94 100-103 112-115 137-140 147-150 161-164 167-170","Semantic C++ match: rafting-dialog teardown stops sound playback, releases four obstacle sprites, deletes the river sprite layer, destroys the current/raw positioned bitmap resources, and deletes the animated cursor. Mask covers only USER/WINMM/GDI import operands and direct helper-call displacements."
"OtRiver_RenderRaftSpriteRow","Oregon32.exe","0x00426740","0x00026740","0x00000063","","","?OtRiver_RenderRaftSpriteRow_00426740_RealCpp@RaftingState_00426740@@QAEXPAXH@Z","","","match","cpp","36-39 62-65 88-91","Semantic C++ match: redraws the selected rafting sprite row by extracting its background region, compositing active raft/obstacle sprites in reverse slot order, and blitting the refreshed sprite buffer. Mask covers only direct helper-call displacements."
"OtRiver_TickRaftAnimation","Oregon32.exe","0x00426ad0","0x00026ad0","0x00000095","","","?OtRiver_TickRaftAnimation_00426ad0_RealCpp@RaftAnimationState_00426ad0@@QAEXPAX@Z","","src_otwin_river_river_raft_animation.obj","match","cpp","7-10 66-69","Policy-clean Product C++ match. Typed destination, bitmap-color usage, raster operation, and frame dimensions express the GDI blit contract while giving VC4 the original target-DC and StretchDIBits register allocation. Masks cover only the complete WINMM timeGetTime and GDI32 StretchDIBits IAT operands."
"OtRiver_BeginRaftSession","Oregon32.exe","0x00426b70","0x00026b70","0x000000a1","","","?OtRiver_BeginRaftSession_00426b70_RealCpp@RaftingState_00426b70@@QAEXXZ","","","match","cpp","12-15 34-37 97-100 137-140 153-156","Semantic C++ match: starts a timed rafting obstacle session, picks the inactive sprite slot, initializes its course, position, active state, random flip, and resets its sprite blitter state. Mask covers only timeGetTime import and direct OtRandomBelow/reset-call displacements."
"OtRiver_DrawTradeBitmap","Oregon32.exe","0x004278f0","0x000278f0","0x00000057","","","_OtRiver_DrawTradeBitmap_RealCpp","","","match","cpp","17-20 26-29 34-37 41-44 58-61 77-80","Semantic C++ match: repaints the river trade-dialog bitmap layer inside a BeginPaint/EndPaint scope, selects and realizes the game palette, blits the trade bitmap, and marks it active. Mask covers IAT/DAT relocations plus the direct blit call displacement."
"OtChooseRandomTradeItemStringId","Oregon32.exe","0x00427cf0","0x00027cf0","0x0000005d","","","_OtChooseRandomTradeItemStringId_RealCpp","","","match","cpp","78-81","Semantic C++ match: random trade item string-id selector"
"OtGetTradeOfferPromptText","Oregon32.exe","0x00427d50","0x00027d50","0x14","","","_OtGetTradeOfferPromptText_RealCpp","","","match","cpp","2-5 8-11 15-18","VC4 real C++ prompt selector; mask relocated global and string-buffer addresses."
"OtUpdateRiverCrossingOverlay","Oregon32.exe","0x00427e80","0x00027e80","0x00000072","","","?OtUpdateRiverCrossingOverlay_00427e80_RealCpp@RiverCrossingOverlayState_00427e80@@QAEXPAX0@Z","","src_otwin_river_river_crossing_overlay_update.obj","wip","cpp","","Clean Product C++ WIP advances both overlay layers and renders the backdrop and remaining sprite layers; the original redundant gate read and stack reservation are intentionally not reproduced with dead or volatile shaping."
"OtShowRiverCrossingView","Oregon32.exe","0x00427f00","0x00027f00","0x00000036","","","?OtShowRiverCrossingViewAlt2_00427f00_43pct@RiverCrossingView_00427f00_43pct@@QAEXPAX0@Z","","","match","cpp","12-15 32-35 45-48","Pure VC4 C++ match: shows the river-crossing window, blits its raw bitmap, and renders the crossing overlay. Mask covers one imported API operand and two direct-call displacements."
"OtStepRiverCounterPairA","Oregon32.exe","0x00428180","0x00028180","0x0000001f","","","?OtStepRiverCounterPairA_RealCpp@RiverCounterOwner_00428180@@QAEXH@Z","","src_otwin_river_river_compact_state_runtime.obj","match","cpp","","Product C++ match: advances the first river animation counter pair unless the caller marks the tick as skipped."
"OtStepRiverCounterPairB","Oregon32.exe","0x004281a0","0x000281a0","0x0000001f","","","?OtStepRiverCounterPairB_RealCpp@RiverCounterOwner_00428180@@QAEXH@Z","","src_otwin_river_river_compact_state_runtime.obj","match","cpp","","Product C++ match: advances the second river animation counter pair unless the caller marks the tick as skipped."
"OtRiver_AdvanceCrossingProgress","Oregon32.exe","0x004282e0","0x000282e0","0x0000008d","","","?OtRiver_AdvanceCrossingProgress_004282e0_RealCpp@RiverCrossingProgressState_004282e0@@QAEXI@Z","","","match","cpp","","Semantic C++ advances the river-crossing progress sprite on even ticks, updates its position against the backdrop midpoint, and steps the frame counter through the approach/departure branches."
"OtRenderRiverCrossingBackdrop","Oregon32.exe","0x00428480","0x00028480","0x00000094","","","?OtRenderRiverCrossingBackdrop_00428480_RealCpp@RiverCrossingBackdropState_00428480@@QAEXPAX@Z","","","match","cpp","23-26 69-72 88-91 107-110 115-118 128-131 141-144","Semantic C++ dispatches the river-crossing backdrop drawing phase, including foreground override, approach, crossing, loss, success, and idle states."
"OtRenderRiverCrossingSpriteLayer","Oregon32.exe","0x00428520","0x00028520","0x00000077","","","?OtRenderRiverCrossingSpriteLayer_00428520_RealCpp@RiverCrossingView_00428520@@QAEXPAXH@Z","","","match","cpp","46-49 79-82 108-111","Semantic C++ extracts the selected river sprite layer, composites active crossing sprites, and blits the rebuilt buffer."
"OtInitRiverSpriteLayerFromResource","Oregon32.exe","0x00428d70","0x00028d70","0x00000092","","","?OtInitRiverSpriteLayerFromResource_Product@RiverCrossingState_004285a0_ProductWip@@QAEHPAXPBXPAUSpriteBlitter_00410660_Product@@PAPAX0HHHHHH@Z","","src_otwin_river_river_crossing_state_runtime.obj","match","cpp","15-18 23-26 46-49 133-136","Exact VC4 /Ot semantic member/thiscall recovery. The four masks cover three independently validated IAT address operands (FindResourceA, LoadResource, and LockResource) and the direct-call REL32 operand for SpriteBlitter::OtResetSpriteBlitterBitmapInfo_Product_004107b0; every unmasked byte matches."
"OtPlayEmbeddedRaftCrashSound","Oregon32.exe","0x00428e10","0x00028e10","0x0000006d","","","?OtPlayEmbeddedRaftCrashSoundAlt3_00428e10_RealCpp@RaftingDialogState_00428e10@@QAEXXZ","","","match","cpp","10-13 26-29 40-43 52-55 59-62 66-69 75-78 83-86 97-100","Semantic C++ match: stops current async sound, reloads embedded river crash WAVE resource, closes active wave MCI playback when needed, and plays the locked WAVE bytes via sndPlaySoundA."
"OtRenderRiverCrossingRemainingLayers","Oregon32.exe","0x00428e80","0x00028e80","0x47","","","?OtRenderRiverCrossingRemainingLayers_RealCpp@RiverCrossingState_00428e80@@QAEXPAX0@Z","","","match","cpp","12-15 22-25 32-35 42-45 52-55 62-65","VC4 real C++ river-crossing layer wrapper; draws sprite layers 2..7 with direct-call displacements masked."
"OtStopSfxAndWaveAudio","Oregon32.exe","0x00428ed0","0x00028ed0","0x22","","","?OtStopSfxAndWaveAudio_RealCpp@RiverCrossingState_004285a0_ProductWip@@QAEXXZ","","src_otwin_app_utility_stubs.obj","match","cpp","2-5 15-18 21-24 29-32","Canonical river-crossing state member. Masks cover only the wave-enabled and wave-available globals, the sndPlaySoundA import operand, and the direct OtStopWaveAudio call; every unmasked byte matches."
"OtFreePositionedBitmapEhThunk_004290b7","Oregon32.exe","0x4290b7","0x290b7","0x8","","","_OtInitWhoAmIDialog_00429650_RealCpp+0x2b0","","src_otwin_app_init_who_am_i_dialog.obj","match","cpp","4-7","Product-reachable compiler-generated VC4 /GX cleanup funclet from the exact Product Who Am I initializer's implicit bitmap-state construction: destroys the positioned-bitmap member at owner offset 0x0 during unwinding. Parent-symbol-relative Product anchor is stable across repeated integrated VC4 builds; mask covers only the generated direct jmp rel32 to the member destructor."
"OtFreePositionedBitmapEhThunk_00429d40","Oregon32.exe","0x429d40","0x29d40","0x8","","","_OtFreePositionedBitmapEhThunk_00429d40_Wip","","","wip","cpp","","WIP pure VC4 C++ cleanup-funclet placeholder. The previous raw candidate RVA landed inside a naked _emit scaffold and was invalidly credited as C++; keep this row unmasked until semantic /GX source reproduces the original thunk."
"OtIsTrailOverlayActive","Oregon32.exe","0x0042a3c0","0x0002a3c0","0x6","","","_OtIsTrailOverlayActive_RealCpp","","","match","cpp","1-4","VC4 real C++ global read; address relocation differs in candidate PE and is masked."
"OtRefreshTrailAnimationFrame","Oregon32.exe","0x0042a3d0","0x0002a3d0","0x000000a2","","","?OtRefreshTrailAnimationFrame_RealCpp@TrailAnimationFrameState_0042a3d0@@QAEXPAX@Z","","src_otwin_trail_refresh_trail_animation_frame.obj","match","cpp","12-15 21-24 29-32 57-60 65-68 71-74 122-125 144-147 152-155","Product C++ match: refreshes the active trail animation layer using canonical overlay, palette, and DC dependencies; masks cover only full IAT, DAT, and direct-call operands."
"OtHandleTrailSceneStop","Oregon32.exe","0x0042a480","0x0002a480","0x00000085","","","?OtHandleTrailSceneStop_RealCpp@TrailSceneStopState_0042a480@@QAEHPAX@Z","","src_otwin_trail_trail_scene_stop_runtime.obj","match","cpp","6-9 11-14 17-20 22-25 34-37 41-44 60-63 72-75 84-87 92-95 98-101 122-125","Product C++ match: commits the canonical pending-mile state, appends the real arrival message, updates stop art, pauses travel, refreshes status, and dispatches the canonical route-audio implementation. Existing validated masks remain limited to data and direct-call operands."
"OtSwapVisiblePaceButton","Oregon32.exe","0x0042a510","0x0002a510","0x0000003d","","","_OtSwapVisiblePaceButtonAlt5_0042a510_37pct@12","","src_otwin_app_ui_control_helpers.obj","wip","cpp","20-23 31-34","Policy-clean Product C++ WIP using direct GetDlgItem calls. Masks cover only the cached USER32 GetDlgItem and ShowWindow IAT loads; six hard bytes remain from swapped EBX/ESI roles for the dialog and GetDlgItem pointer."
"OtSwapVisibleRationButton","Oregon32.exe","0x0042a550","0x0002a550","0x0000003d","","","_OtSwapVisibleRationButtonAlt5_0042a550_37pct@12","","src_otwin_app_ui_control_helpers.obj","wip","cpp","","Product semantic WIP: hides the old ration button and shows the replacement through direct USER32 imports; byte shape remains open."
"OtCheckForTrailStopTransition","Oregon32.exe","0x0042a680","0x0002a680","0x0000006f","","","?OtCheckForTrailStopTransition_RealCpp@TrailStopTransitionState_0042a680@@QAEHPAXPAH@Z","","","match","cpp","10-13 43-46 60-63 95-98 102-105","semantic trail stop transition checker"
"OtDestroyTrailGameDialogOwnedResources","Oregon32.exe","0x0042a6f0","0x0002a6f0","0x0000009a","","","?OtDestroyTrailGameDialogOwnedResources_RealCpp@TrailGameDialogOwnedResources_0042a6f0@@QAEXXZ","","src_otwin_trail_destroy_trail_game_dialog_owned_resources.obj","match","cpp","9-12 34-37 40-43 60-63 66-69 86-89 92-95 112-115 118-121 138-141 144-147","Product C++ match: tears down the dialog's owned runtime resources; masks cover only the full IsBadCodePtr import and direct cleanup-call operands."
"OtResolveActiveTrailOverlay","Oregon32.exe","0x0042a8a0","0x0002a8a0","0x000000ac","","","?OtResolveActiveTrailOverlay_RealCpp@TrailActiveOverlayState_0042a8a0@@QAEHPAX@Z","","","match","cpp","2-5 22-25 39-42 73-76 80-83 96-99 108-111 114-117 129-132 134-137 148-151 161-164","Semantic C++ match: resolves active trail overlay branch selection, river handoff posting, route advancement, and route-strip refresh."
"OtNoopCallback_0042aac0","Oregon32.exe","0x0042aac0","0x0002aac0","0x1","","","?OtNoopCallback_0042aac0_RealCpp@TimedTransitionState_0042dfa0_ProductWip@@QAEXXZ","","src_otwin_trail_timed_transition_noop_callback.obj","match","cpp","","Canonical no-argument member callback used by the timed transition loop; VC4 emits the original single ret."
"OtRefreshTrailTravelView","Oregon32.exe","0x0042acc0","0x0002acc0","0x000000b2","","","?OtRefreshTrailTravelView_0042acc0_RealCpp@TrailOverlayStartState_0042dc20@@QAEXPAX@Z","","src_otwin_trail_trail_overlay_animation.obj","match","cpp","12-15 21-24 29-32 36-39 42-45 58-61 71-74 99-102 160-163 168-171","Product C++ match: realizes the game palette, applies the stop-transition overlay state, renders the canonical travel scene, and releases the DC; masks cover only globals, imports, and direct-call operands."
"OtOpenGuideBookDialog","Oregon32.exe","0x0042b370","0x0002b370","0x0000005f","","","?OtOpenGuideBookDialog_RealCpp@TrailUiState_0042b370@@QAEXPAXJ@Z","","","match","cpp","20-23 25-28 32-35 41-44 59-62 67-70 86-89","semantic guidebook dialog opener"
"OtOpenStatusDialog","Oregon32.exe","0x0042b980","0x0002b980","0x0000006e","","","?OtOpenStatusDialog_RealCpp@TrailUiState_0042b370@@QAEXPAX@Z","","","match","cpp","10-13 21-24 38-41 50-53 56-59 74-77 82-85 101-104","semantic status dialog opener"
"OtOpenCyclingTalkDialog","Oregon32.exe","0x0042b9f0","0x0002b9f0","0x00000076","","","?OtOpenCyclingTalkDialog_RealCpp@TrailUiState_0042b370@@QAEXPAX@Z","","","match","cpp","22-25 27-30 34-37 64-67 82-85 90-93 109-112","semantic cycling talk dialog opener"
"OtRunTradeSelectionDialog","Oregon32.exe","0x0042ba70","0x0002ba70","0x00000084","","","?OtRunTradeSelectionDialog_RealCpp@TrailUiState_0042b370@@QAEXPAX@Z","","","match","cpp","23-26 28-31 35-38 50-53 61-64 69-72 75-78 93-96 101-104 120-123","Semantic C++ runs the trade-selection modal dialog, applies the accepted-trade follow-up refresh, and resumes route audio when travel state permits."
"OtSetControlEnabledState","Oregon32.exe","0x0042c070","0x0002c070","0x0000003d","","","_OtSetControlEnabledState_0042c070_Product@12","","src_otwin_app_set_control_enabled_state.obj","match","cpp","18-21 32-35 51-54","Product C++ match for synchronizing a control's enabled state. The corrected ABI reads the requested state from the second argument and preserves the unused trailing argument; validated masks cover only two IsWindowEnabled IAT operands and one EnableWindow IAT operand."
"OtComputeTrailProgressRange","Oregon32.exe","0x0042c0b0","0x0002c0b0","0x0000005a","","","?OtComputeTrailProgressRange_0042c0b0_Product@TrailProgressView_0042c0b0_Product@@QAEXPAH0@Z","","src_otwin_trail_trail_progress_range_runtime.obj","match","cpp","2-5 23-26 67-70","semantic trail progress range calculator for map rendering"
"OtRunTrailDivideChoiceDialog","Oregon32.exe","0x0042c110","0x0002c110","0x0000006c","","","_OtRunTrailDivideChoiceDialog_RealCpp@4","","","match","cpp","4-7 73-76 84-87 91-94","semantic trail divide choice dialog runner"
"OtCanAdvanceTrailAnimation","Oregon32.exe","0x0042cfc0","0x0002cfc0","0x0000003e","","","@OtCanAdvanceTrailAnimation_RealCpp@4","","","match","cpp","2-5 10-13","semantic trail animation advance predicate"
"OtResetTrailActionState","Oregon32.exe","0x0042d000","0x0002d000","0x1b","","","?OtResetTrailActionState_RealCpp@TrailAnimationState_0042d460@@QAEHPAX@Z","","","match","cpp","18-21","VC4 real C++ trail action-state reset helper; clears the travel submode and re-enables synchronized action controls."
"OtTrailActionGateForwarder","Oregon32.exe","0x0042d020","0x0002d020","0x0000005e","","","?OtTrailActionGateForwarder_RealCpp@TrailOverlayStartState_0042dc20@@QAEXPAX@Z","","","match","cpp","2-5 11-14 28-31 41-44 50-53 59-62 68-71 87-90","Semantic C++ match: gates trail-stop artwork refresh on the pending-stop flag, wave-audio enablement, and idle MIDI/wave playback. Mask covers DAT relocations plus the direct call displacement."
"OtPlayTrailPaceTheme","Oregon32.exe","0x0042d3a0","0x0002d3a0","0x0000005f","","","?OtPlayTrailPaceTheme_0042d3a0_ProductWip@TrailUiState_0042b370@@QAEXPAX@Z","","src_otwin_trail_trail_pace_theme_runtime.obj","match","cpp","2-5 10-13 31-34 37-40 58-61 64-67 79-82 85-88","Product C++ __thiscall pace-theme member opens the original steady, strenuous, or grueling MIDI filename through the recovered MIDI runtime."
"OtPauseTrailTravel","Oregon32.exe","0x0042d400","0x0002d400","0x0000005c","","","?OtPauseTrailTravel_RealCpp@TrailUiState_0042b370@@QAEXPAX@Z","","","match","cpp","31-34 37-40 45-48 51-54 59-62 67-70 75-78 83-86","semantic trail pause handler"
"OtMarkTrailDialogActive","Oregon32.exe","0x0042d460","0x0002d460","0x24","","","?OtMarkTrailDialogActive_RealCpp@TrailAnimationState_0042d460@@QAEXH@Z","","","match","cpp","21-24 29-32","VC4 real C++ trail dialog-active helper; masks relocated global and side-effect call displacement."
"OtAdvanceTrailOverlayStartPhase","Oregon32.exe","0x0042dc20","0x0002dc20","0x00000055","","","?OtAdvanceTrailOverlayStartPhase_RealCpp@TrailOverlayStartState_0042dc20@@QAEHPAX@Z","","","match","cpp","47-50 74-77","Semantic C++ match: advances the opening phase of the trail overlay; on the first interval boundary, dispatches scene-phase callbacks and refreshes the trail status panel. Mask covers the direct call displacements."
"OtAdvanceTrailOverlayCompletionPhase","Oregon32.exe","0x0042dc80","0x0002dc80","0x000000b5","","","?OtAdvanceTrailOverlayCompletionPhase_RealCpp@TrailOverlayStartState_0042dc20@@QAEHPAX@Z","","","match","cpp","51-54 81-84 93-96 115-118 146-149 170-173","Semantic C++ match: advances the closing phase, commits pending travel progress at phase 3, reseeds the travel scene, and refreshes the status panel. Mask covers direct call displacements and DAT relocations."
"OtAdvanceRiverCrossingState","Oregon32.exe","0x0042dd40","0x0002dd40","0x0000007a","","","?OtAdvanceRiverCrossingState_RealCpp@TrailOverlayStartState_0042dc20@@QAEHPAX@Z","","","match","cpp","28-31 36-39 42-45 47-50 68-71 75-78 88-91","Semantic C++ match: advances the active river-crossing timer; pauses travel, restores the trail view, then either posts WM 0x47d to the parent on completion or dispatches another phase callback. Mask covers IAT call slots, direct call displacements, and DAT relocations."
"OtRunTimedTransitionLoop","Oregon32.exe","0x0042dfa0","0x0002dfa0","0x00000048","","","?OtRunTimedTransitionLoop_0042dfa0_ProductWip@TimedTransitionState_0042dfa0_ProductWip@@QAEHH@Z","","src_otwin_trail_timed_transition_loop_runtime.obj","match","cpp","5-8 58-61","Product pure-C++ two-second timeGetTime transition loop; mask covers only the WINMM import operand and direct member-callback displacement."
"OtRefreshTrailWindowAndDispatchState","Oregon32.exe","0x0042edc0","0x0002edc0","0x00000091","","","_OtRefreshTrailWindowAndDispatchState_0042edc0_RealCpp","","src_otwin_trail_trail_window_refresh_dispatch.obj","match","cpp","2-5 19-22 29-32 63-66 70-73 77-80 101-104 106-109 125-128 132-135 139-142","Product C++ match: refreshes the canonical trail window and dispatches active state; masks cover only full USER32, global, and direct-call operands."
"OtPaintTrailGameDialog","Oregon32.exe","0x0042f5c0","0x0002f5c0","0x0000006b","","","_OtPaintTrailGameDialog_RealCpp","","","match","cpp","19-22 35-38 44-47 52-55 58-61 65-68 72-75 79-82 85-88 97-100","semantic trail game dialog paint handler"
"OtRemoveRiverRecordAt","Oregon32.exe","0x0042fd20","0x0002fd20","0x00000059","","","?OtRemoveRiverRecordAt_0042fd20_RealCpp@RiverRecordTable_0042fd20@@QAEXH@Z","","src_otwin_river_river_record_removal_runtime.obj","match","cpp","","Product C++ match: shifts compact 31-byte river records down, clears the vacated trailing slot with intrinsic memset, and decrements the count."
"OtClearRiverZeroBlock","Oregon32.exe","0x0042fd80","0x0002fd80","0x00000015","","","??0TrailGameScoreList_0042fc30@@QAE@XZ","","src_otwin_app_application_menu_dialog_callbacks.obj","match","cpp","","Native leaderboard constructor clears its ten fixed-width entries; the profile loader supplies the count. Original 21-byte body, with no relocation masks. Formerly identified as a river zero-block initializer."
"OtFormatTrailOverlayCaption","Oregon32.exe","0x0042fe90","0x0002fe90","0x0000006c","","","?OtFormatTrailOverlayCaption_RealCpp@TrailOverlayCaptionState_0042fe90@@QAEHXZ","","src_otwin_trail_trail_overlay_caption.obj","match","cpp","7-10 18-21 34-37 40-43 63-66 87-90","Product C++ match: loads and copies the trail overlay caption through direct KERNEL32 imports; masks cover only full app-instance and IAT operands."
"OtImportGetOpenFileNameA_linker","Oregon32.exe","0x00430550","0x00030550","0x00000006","","","_GetOpenFileNameA@4","","","match","toolchain-lib","2-5","MSVC import thunk for COMDLG32 GetOpenFileNameA"
"OtImportGetSaveFileNameA_linker","Oregon32.exe","0x00430556","0x00030556","0x00000006","","","_GetSaveFileNameA@4","","","match","toolchain-lib","2-5","MSVC import thunk for COMDLG32 GetSaveFileNameA"
"_atol","Oregon32.exe","0x00430560","0x00030560","0x000000a4","","","_atol","","","match","toolchain-lib","15-18 29-32 42-45 90-93 101-104 112-115","VC4 CRT ASCII-to-long converter linked from LIBC.LIB"
"_atoi","Oregon32.exe","0x00430610","0x00030610","0x0000000e","","","_OtAtoi_RealCpp","","src_otwin_app_crt_runtime_helpers.obj","match","cpp","6-9","Product C++ match: forwards the ASCII integer conversion to the authentic VC4 atol implementation."
"strchr","Oregon32.exe","0x00430620","0x00030620","0x00000018","","","_strchr","","","match","toolchain-lib","","VC4 CRT strchr helper linked from LIBC.LIB"
"__global_unwind2","Oregon32.exe","0x00430638","0x00030638","0x00000020","","","__global_unwind2","","","match","toolchain-lib","12-15 20-23","VC4 CRT SEH global unwind helper linked from LIBC.LIB"
"__local_unwind2","Oregon32.exe","0x0043067a","0x0003067a","0x00000068","","","__local_unwind2","","","match","toolchain-lib","11-14","VC4 CRT SEH local unwind helper linked from LIBC.LIB"
"__abnormal_termination","Oregon32.exe","0x004306e2","0x000306e2","0x00000023","","","__abnormal_termination","","","match","toolchain-lib","12-15","VC4 CRT SEH abnormal-termination helper linked from LIBC.LIB"
"_NLG_Notify1","Oregon32.exe","0x00430705","0x00030705","0x00000009","","","__NLG_Notify1","","","match","toolchain-lib","3-6","VC4 CRT object match linked from LIBC:exsup.obj"
"_NLG_Notify","Oregon32.exe","0x0043070e","0x0003070e","0x0000001a","","","__NLG_Notify","","","match","toolchain-lib","3-6","VC4 CRT object match linked from LIBC:exsup.obj"
"operator_delete","Oregon32.exe","0x00430730","0x00030730","0x00000010","","","??3@YAXPAX@Z","","","match","toolchain-lib","6-9","VC4 CRT object match linked from LIBC:delete.obj"
"_JumpToContinuation","Oregon32.exe","0x00430740","0x00030740","0x0000002e","","","?_JumpToContinuation@@YGXPAXPAUEHRegistrationNode@@@Z","","","match","toolchain-lib","","VC4 C++ exception continuation helper linked from LIBC.LIB"
"_CallMemberFunction0","Oregon32.exe","0x00430780","0x00030780","0x00000007","","","?_CallMemberFunction0@@YGXPAX0@Z","","","match","toolchain-lib","","VC4 C++ exception member-function thunk linked from LIBC.LIB"
"FID_conflict:_CallMemberFunction1","Oregon32.exe","0x00430790","0x00030790","0x00000007","","","?_CallMemberFunction1@@YGXPAX00@Z","","","match","toolchain-lib","","VC4 C++ exception member-function thunk linked from LIBC.LIB"
"FID_conflict:_CallMemberFunction1","Oregon32.exe","0x004307a0","0x000307a0","0x00000007","","","?_CallMemberFunction1@@YGXPAX00@Z","","","match","toolchain-lib","","second original copy of VC4 C++ exception member-function thunk"
"_UnwindNestedFrames","Oregon32.exe","0x004307b0","0x000307b0","0x00000051","","","?_UnwindNestedFrames@@YGXPAUEHRegistrationNode@@PAUEHExceptionRecord@@@Z","","","match","toolchain-lib","21-24 40-43","VC4 C++ exception nested-frame unwind helper linked from LIBC.LIB"
"___CxxFrameHandler","Oregon32.exe","0x00430810","0x00030810","0x0000003c","","","___CxxFrameHandler","","","match","toolchain-lib","40-43","VC4 C++ exception frame handler linked from LIBC.LIB"
"_CallCatchBlock2","Oregon32.exe","0x00430850","0x00030850","0x00000062","","","?_CallCatchBlock2@@YAPAXPAUEHRegistrationNode@@PBU_s_FuncInfo@@PAXHK@Z","","","match","toolchain-lib","31-34 76-79","VC4 C++ exception catch-block caller linked from LIBC.LIB"
"_CallSETranslator","Oregon32.exe","0x004308f0","0x000308f0","0x000000d1","","","?_CallSETranslator@@YAHPAUEHExceptionRecord@@PAUEHRegistrationNode@@PAX2PBU_s_FuncInfo@@H1@Z","","","match","toolchain-lib","19-22 78-81 137-140","VC4 C++ SE-translator caller linked from LIBC.LIB"
"TranslatorGuardHandler","Oregon32.exe","0x004309d0","0x000309d0","0x00000062","","","?TranslatorGuardHandler@@YA?AW4_EXCEPTION_DISPOSITION@@PAUEHExceptionRecord@@PAUTranslatorGuardRN@@PAX2@Z","","","match","toolchain-lib","63-66 82-85","VC4 C++ translator guard handler linked from LIBC.LIB"
"OtAllocateNewBlock","Oregon32.exe","0x00430a40","0x00030a40","0x10","","","_OtAllocateNewBlock_RealCpp","","","match","cpp","8-11","VC4 real C++ CRT operator-new allocation wrapper; mask direct-call displacement."
"_fclose","Oregon32.exe","0x00430a60","0x00030a60","0x00000070","","","_fclose","","","match","toolchain-lib","36-39 47-50 59-62 86-89","VC4 CRT stream close helper linked from LIBC.LIB"
"__fread_lk","Oregon32.exe","0x00430ad0","0x00030ad0","0x00000150","","","_fread","","","match","toolchain-lib","182-185 208-211","VC4 CRT object match linked from LIBC:fread.obj"
"__fsopen","Oregon32.exe","0x00430c20","0x00030c20","0x00000025","","","_OtFsOpen_RealCpp","","src_otwin_app_crt_runtime_helpers.obj","match","cpp","1-4 29-32","Product C++ match: acquires a VC4 CRT stream and opens it through the authentic _getstream and _openfile implementations."
"strncpy","Oregon32.exe","0x00430c50","0x00030c50","0x00000024","","","_strncpy","","","match","toolchain-lib","","VC4 CRT strncpy helper linked from LIBC.LIB"
"eh_vector_destructor_iterator","Oregon32.exe","0x00430c80","0x00030c80","0x00000090","","","??_M@YGXPAXIHP6EX0@Z@Z","","","match","toolchain-lib","12-15 17-20 90-93","VC4 CRT object match linked from LIBC:ehvecdtr.obj"
"__ArrayUnwind","Oregon32.exe","0x00430d10","0x00030d10","0x00000077","","","?__ArrayUnwind@@YGXPAXIHP6EX0@Z@Z","","","match","toolchain-lib","12-15 17-20","VC4 C++ array unwind helper linked from LIBC.LIB"
"eh_vector_constructor_iterator","Oregon32.exe","0x00430db0","0x00030db0","0x00000090","","","??_L@YGXPAXIHP6EX0@Z1@Z","","","match","toolchain-lib","12-15 17-20 90-93 117-120","VC4 CRT object match linked from LIBC:ehvecctr.obj"
"strstr","Oregon32.exe","0x00430e40","0x00030e40","0x00000040","","","_strstr","","","match","toolchain-lib","","VC4 CRT object match linked from LIBC:strstr.obj"
"_cinit","Oregon32.exe","0x00430e80","0x00030e80","0x00000030","","","__cinit","","","match","toolchain-lib","1-4 12-15 17-20 22-25 30-33 35-38 40-43","VC4 CRT object match linked from LIBC:crt0dat.obj"
"OtCrtExit","Oregon32.exe","0x00430eb0","0x00030eb0","0x12","","","_exit","","","match","toolchain-lib","10-13","VC4 CRT exit wrapper linked directly from LIBC:crt0dat.obj; mask covers its relocation to the object-local doexit routine."
"OtCrtQuickExit","Oregon32.exe","0x00430ed0","0x00030ed0","0x12","","","__exit","","","match","toolchain-lib","10-13","VC4 CRT quick-exit wrapper linked directly from LIBC:crt0dat.obj; mask covers its relocation to the object-local doexit routine."
"doexit","Oregon32.exe","0x00430ef0","0x00030ef0","0x00000080","","","_doexit","","","match","toolchain-lib","2-5 23-26 31-34 40-43 49-52 68-71 75-78 80-83 93-96 98-101 121-124","VC4 CRT object match linked from LIBC:crt0dat.obj"
"_initterm","Oregon32.exe","0x00430f70","0x00030f70","0x00000020","","","__initterm","","","match","toolchain-lib","","VC4 CRT initializer-table walker linked from LIBC.LIB"
"FID_conflict:_wprintf","Oregon32.exe","0x00430f90","0x00030f90","0x0000003d","","","_wprintf","","","match","toolchain-lib","3-6 8-11 28-31 33-36 43-46 49-52","VC4 CRT wide printf wrapper linked from LIBC.LIB"
"OtSeedRandomGenerator","Oregon32.exe","0x00430fd0","0x00030fd0","0xa","","","_OtSeedRandomGenerator_RealCpp","","","match","cpp","5-8","VC4 real C++ store of CRT random-generator seed/state; mask relocated global address."
"_rand","Oregon32.exe","0x00430fe0","0x00030fe0","0x0000002a","","","_OtCrtRand_RealCpp","","src_otwin_app_crt_runtime_helpers.obj","match","cpp","1-4 29-32","Product C++ match: implements the VC4 CRT linear-congruential random generator against the canonical runtime seed."
"time","Oregon32.exe","0x00431010","0x00031010","0x00000060","","","_time","","","match","toolchain-lib","10-13 69-72","VC4 CRT object match linked from LIBC:time.obj"
"strncat","Oregon32.exe","0x00431070","0x00031070","0x00000040","","","_strncat","","","match","toolchain-lib","","VC4 CRT object match linked from LIBC:strncat.obj"
"WinMainCRTStartup","Oregon32.exe","0x004310b0","0x000310b0","0x00000186","","","_WinMainCRTStartup","","","match","toolchain-lib","12-15 17-20 40-43 45-48 52-55 57-60 62-65 68-71 79-82 88-91 93-96 98-101 110-113 115-118 121-124 126-129 131-134 136-139 146-149 156-159 164-167 169-172 174-177 180-183 223-226 276-279 307-310 313-316 319-322 344-347 360-363","VC4 CRT object match linked from LIBC:crt0.obj"
"__amsg_exit","Oregon32.exe","0x00431240","0x00031240","0x00000026","","","_OtCrtRuntimeMessageExit_RealCpp","","src_otwin_app_crt_runtime_helpers.obj","match","cpp","2-5 10-13 20-23 34-37","Product C++ match: emits the VC4 CRT fatal banner and runtime message as configured, then exits through KERNEL32."
"__isctype","Oregon32.exe","0x00431270","0x00031270","0x00000091","","","__isctype","","","match","toolchain-lib","20-23 46-49 109-112","VC4 CRT character-type query linked from LIBC.LIB"
"free","Oregon32.exe","0x00431310","0x00031310","0x00000020","","","_free","","","match","toolchain-lib","12-15 19-22","VC4 CRT object match linked from LIBC:free.obj"
"___InternalCxxFrameHandler","Oregon32.exe","0x00431330","0x00031330","0x000000bc","","","___InternalCxxFrameHandler","","","match","toolchain-lib","14-17","VC4 C++ internal exception frame handler linked from LIBC.LIB"
"FindHandler","Oregon32.exe","0x004313f0","0x000313f0","0x000002a0","","","?FindHandler@@YAXPAUEHExceptionRecord@@PAUEHRegistrationNode@@PAU_CONTEXT@@PAXPBU_s_FuncInfo@@EH1@Z","","","match","toolchain-lib","33-36 72-75 84-87 90-93 106-109 118-121 156-159 647-650","VC4 CRT object match linked from LIBC:frame.obj"
"FindHandlerForForeignException","Oregon32.exe","0x00431690","0x00031690","0x000000e0","","","?FindHandlerForForeignException@@YAXPAUEHExceptionRecord@@PAUEHRegistrationNode@@PAU_CONTEXT@@PAXPBU_s_FuncInfo@@HH1@Z","","","match","toolchain-lib","5-8 52-55","VC4 CRT object match linked from LIBC:frame.obj"
"GetRangeOfTrysToCheck","Oregon32.exe","0x00431770","0x00031770","0x0000009f","","","?GetRangeOfTrysToCheck@@YAPBU_s_TryBlockMapEntry@@PBU_s_FuncInfo@@HHPAI1@Z","","","match","toolchain-lib","65-68 135-138","VC4 C++ exception try-range helper linked from LIBC.LIB"
"___FrameUnwindToState","Oregon32.exe","0x00431810","0x00031810","0x000000ce","","","___FrameUnwindToState","","","match","toolchain-lib","12-15 17-20 75-78 178-181","VC4 C++ frame-unwind helper linked from LIBC.LIB"
"CatchIt","Oregon32.exe","0x00431900","0x00031900","0x00000094","","","?CatchIt@@YAXPAUEHExceptionRecord@@PAUEHRegistrationNode@@PAU_CONTEXT@@PAXPBU_s_FuncInfo@@PBU_s_HandlerType@@PBU_s_CatchableType@@PBU_s_TryBlockMapEntry@@H1@Z","","","match","toolchain-lib","60-63 139-142","VC4 C++ exception catch dispatcher linked from LIBC.LIB"
"CallCatchBlock","Oregon32.exe","0x004319a0","0x000319a0","0x00000110","","","?CallCatchBlock@@YAPAXPAUEHExceptionRecord@@PAUEHRegistrationNode@@PAU_CONTEXT@@PBU_s_FuncInfo@@PAXHK@Z","","","match","toolchain-lib","12-15 17-20 56-59 68-71 79-82 88-91 116-119 134-137 150-153 158-161 195-198 241-244","VC4 CRT object match linked from LIBC:frame.obj"
"BuildCatchObject","Oregon32.exe","0x00431ae0","0x00031ae0","0x000001fe","","","?BuildCatchObject@@YAXPAUEHExceptionRecord@@PAUEHRegistrationNode@@PBU_s_HandlerType@@PBU_s_CatchableType@@@Z","","","match","toolchain-lib","12-15 17-20 102-105 121-124 182-185 201-204 226-229 289-292 308-311 346-349 359-362 374-377 390-393 431-434 460-463 467-470 483-486","VC4 C++ exception catch-object builder linked from LIBC.LIB"
"DestructExceptionObject","Oregon32.exe","0x00431ce0","0x00031ce0","0x00000071","","","?DestructExceptionObject@@YAXPAUEHExceptionRecord@@E@Z","","","match","toolchain-lib","12-15 17-20 68-71 86-89","VC4 C++ exception-object destructor linked from LIBC.LIB"
"AdjustPointer","Oregon32.exe","0x00431d60","0x00031d60","0x00000021","","","?AdjustPointer@@YAPAXPAXABUPMD@@@Z","","","match","toolchain-lib","","VC4 C++ PMD pointer-adjustment helper linked from LIBC.LIB"
"__CallSettingFrame@12","Oregon32.exe","0x00431d90","0x00031d90","0x00000048","","","__CallSettingFrame@12","","","match","toolchain-lib","31-34 61-64","VC4 C++ frame-setting call helper linked from LIBC.LIB"
"terminate","Oregon32.exe","0x00431de0","0x00031de0","0x00000080","","","?terminate@@YAXXZ","","","match","toolchain-lib","12-15 17-20 46-49 105-108 110-113","VC4 CRT object match linked from LIBC:hooks.obj"
"terminate","Oregon32.exe","0x00431e60","0x00031e60","0x00000080","","","?terminate@@YAXXZ","","","match","toolchain-lib","12-15 17-20 46-49 105-108 110-113","VC4 CRT object match linked from LIBC:hooks.obj"
"malloc","Oregon32.exe","0x00431ee0","0x00031ee0","0x00000014","","","_malloc","","","match","toolchain-lib","1-4","VC4 CRT malloc wrapper linked from LIBC.LIB"
"_nh_malloc","Oregon32.exe","0x00431f00","0x00031f00","0x00000040","","","__nh_malloc","","","match","toolchain-lib","48-51","VC4 CRT new-handler malloc helper linked from LIBC.LIB"
"_heap_alloc","Oregon32.exe","0x00431f40","0x00031f40","0x00000020","","","__heap_alloc","","","match","toolchain-lib","6-9 16-19","VC4 CRT object match linked from LIBC:malloc.obj"
"__close","Oregon32.exe","0x00431f60","0x00031f60","0x000000c7","","","__close","","","match","toolchain-lib","10-13 30-33 68-71 80-83 93-96 103-106 113-116 125-128 138-141 177-180 187-190","VC4 CRT file close helper linked from LIBC.LIB"
"__freebuf","Oregon32.exe","0x00432030","0x00032030","0x00000039","","","___freebuf_RealCpp","","src_otwin_app_crt_runtime_helpers.obj","match","cpp","21-24","Product C++ match: releases an owned VC4 CRT stream buffer through the authentic free implementation and resets stream state."
"_fflush","Oregon32.exe","0x00432070","0x00032070","0x0000004c","","","_fflush","","","match","toolchain-lib","52-55","VC4 CRT stream flush wrapper linked from LIBC.LIB"
"__flush","Oregon32.exe","0x004320c0","0x000320c0","0x00000064","","","__flush","","","match","toolchain-lib","47-50","VC4 CRT stream flush worker linked from LIBC.LIB"
"flsall","Oregon32.exe","0x00432140","0x00032140","0x0000006b","","","_flsall","","","match","toolchain-lib","15-18","VC4 CRT flush-all streams helper linked from LIBC.LIB"
"__filbuf","Oregon32.exe","0x004321b0","0x000321b0","0x000000f0","","","__filbuf","","","match","toolchain-lib","56-59 83-86 114-117 136-139","VC4 CRT stream fill-buffer helper linked from LIBC.LIB"
"_read","Oregon32.exe","0x004322a0","0x000322a0","0x00000270","","","__read","","","match","toolchain-lib","9-12 31-34 149-152 159-162 170-173 182-185 213-216 400-403 410-413 499-502 586-589 596-599","VC4 CRT object match linked from LIBC:read.obj"
"__openfile","Oregon32.exe","0x00432510","0x00032510","0x0000019b","","","__openfile","","","match","toolchain-lib","54-57 70-73 122-125 137-140 351-354 382-385","VC4 CRT stream open-file helper linked from LIBC.LIB"
"__getstream","Oregon32.exe","0x00432720","0x00032720","0x0000007e","","","__getstream","","","match","toolchain-lib","8-11 16-19 42-45 51-54 63-66 72-75 81-84","VC4 CRT stream allocator linked from LIBC.LIB"
"__seh_longjmp_unwind@4","Oregon32.exe","0x00432865","0x00032865","0x0000001b","","","__seh_longjmp_unwind@4","","","match","toolchain-lib","16-19","VC4 CRT SEH longjmp-unwind helper linked from LIBC.LIB"
"__stbuf","Oregon32.exe","0x00432880","0x00032880","0x00000092","","","__stbuf","","","match","toolchain-lib","11-14 29-32 41-44 54-57 75-78 90-93","VC4 CRT temporary stream buffer setup linked from LIBC.LIB"
"__ftbuf","Oregon32.exe","0x00432920","0x00032920","0x00000049","","","__ftbuf","","","match","toolchain-lib","20-23 64-67","VC4 CRT temporary stream buffer teardown linked from LIBC.LIB"
"__output","Oregon32.exe","0x00432a60","0x00032a60","0x000008cf","","","__output","","","match","toolchain-lib","86-89 104-107 132-135 206-209 213-216 431-434 438-441 488-491 651-654 658-661 711-714 854-857 904-907 1012-1015 1540-1543 1568-1571 1737-1740 1766-1769 1789-1792 1872-1875 2136-2139","VC4 CRT object match linked from LIBC:output.obj"
"write_char","Oregon32.exe","0x00433440","0x00033440","0x00000041","","","_write_char","","LIBC:output.obj","match","toolchain-lib","39-42","VC4 CRT printf narrow character helper linked from LIBC.LIB. The candidate_object qualifier selects the narrow output.obj definition rather than the same-named wide woutput.obj helper. Mask covers only the direct-call rel32 operand."
"write_multi_char","Oregon32.exe","0x00433490","0x00033490","0x00000031","","","_write_multi_char","","LIBC:output.obj","match","toolchain-lib","","VC4 CRT printf narrow repeated-character helper linked from LIBC:output.obj; object-qualified symbol is raw byte-exact."
"write_string","Oregon32.exe","0x004334d0","0x000334d0","0x00000037","","","_write_string","","LIBC:output.obj","match","toolchain-lib","","VC4 CRT printf narrow string helper linked from LIBC:output.obj; object-qualified symbol is raw byte-exact."
"OtReadPackedU32Cursor","Oregon32.exe","0x00433510","0x00033510","0x0f","","","_OtReadPackedU32Cursor_RealCpp","","","match","cpp","","VC4 real C++ packed-data cursor helper; reads one 32-bit slot and advances by four bytes."
"OtReadPackedU64Cursor","Oregon32.exe","0x00433520","0x00033520","0x15","","","_OtReadPackedU64Cursor_RealCpp","","","match","cpp","","VC4 real C++ packed-data cursor helper; reads one 64-bit slot and advances by eight bytes."
"OtReadPackedU16FromU32SlotCursor","Oregon32.exe","0x00433540","0x00033540","0x10","","","_OtReadPackedU16FromU32SlotCursor_RealCpp","","","match","cpp","","VC4 real C++ packed-data cursor helper; reads 16 bits from a 32-bit slot and advances by four bytes."
"__loctotime_t","Oregon32.exe","0x00433550","0x00033550","0x000000e0","","","___loctotime_t","","","match","toolchain-lib","45-48 68-71 147-150 153-156 173-176","VC4 CRT object match linked from LIBC:dtoxtime.obj"
"OtCrtIsMbbLead","Oregon32.exe","0x004337c0","0x000337c0","0x12","","","__ismbblead","","","match","toolchain-lib","10-13","VC4 CRT multibyte lead-byte predicate linked directly from LIBC:ismbbyte.obj; mask covers its relocation to object-local x_ismbbtype."
"x_ismbbtype","Oregon32.exe","0x004337e0","0x000337e0","0x00000040","","","_x_ismbbtype","","","match","toolchain-lib","10-13 39-42","VC4 CRT object match linked from LIBC:ismbbyte.obj"
"_setenvp","Oregon32.exe","0x00433820","0x00033820","0x000000e0","","","__setenvp","","","match","toolchain-lib","5-8 55-58 60-63 76-79 85-88 122-125 138-141 192-195 198-201","VC4 CRT object match linked from LIBC:stdenvp.obj"
"__setargv","Oregon32.exe","0x00433900","0x00033900","0x0000009b","","","__setargv","","","match","toolchain-lib","11-14 20-23 25-28 31-34 42-45 82-85 98-101 140-143 146-149","VC4 CRT argv initialization helper linked from LIBC.LIB"
"parse_cmdline","Oregon32.exe","0x004339a0","0x000339a0","0x000001d2","","","_parse_cmdline","","","match","toolchain-lib","75-78 143-146 372-375 405-408","VC4 CRT argv parser linked from LIBC.LIB"
"__crtGetEnvironmentStringsA","Oregon32.exe","0x00433b80","0x00033b80","0x000001a0","","","___crtGetEnvironmentStringsA","","","match","toolchain-lib","5-8 18-21 32-35 48-51 60-63 90-93 96-99 177-180 189-192 216-219 226-229 238-241 255-258 271-274 284-287 330-333 348-351 385-388","VC4 CRT object match linked from LIBC:aw_env.obj. Boundary audit trims four bytes from the following function and expands three partial rel32 masks to their complete operands."
"_setmbcp","Oregon32.exe","0x00433d20","0x00033d20","0x000001e0","","","__setmbcp","","","match","toolchain-lib","24-27 68-71 88-91 102-105 116-119 172-175 202-205 218-221 236-239 270-273 300-303 306-309 337-340 347-350 361-364 369-372 376-379 406-409 411-414 418-421 440-443","VC4 CRT object match linked from LIBC:mbctype.obj"
"getSystemCP","Oregon32.exe","0x00433f00","0x00033f00","0x0000004d","","","_getSystemCP_RealCpp","","src_otwin_app_crt_runtime_helpers.obj","match","cpp","2-5 21-24 31-34 42-45 52-55 63-66 72-75","Product C++ match: resolves VC4 code-page sentinels through the real CRT code-page state and direct Windows ANSI/OEM queries."
"_CPtoLCID","Oregon32.exe","0x00433f50","0x00033f50","0x00000038","","","__CPtoLCID_RealCpp","","src_otwin_app_crt_runtime_helpers.obj","match","cpp","18-21 25-28","Product C++ match: maps the four supported DBCS code pages to their Windows locale identifiers."
"setSBCS","Oregon32.exe","0x00433fb0","0x00033fb0","0x0000002c","","","_setSBCS","","","match","toolchain-lib","4-7 17-20 22-25 28-31 33-36","VC4 CRT single-byte charset table reset linked from LIBC.LIB"
"__initmbctable","Oregon32.exe","0x00433fe0","0x00033fe0","0x0000000b","","","___initmbctable","","","match","toolchain-lib","3-6","VC4 CRT multibyte table initializer wrapper linked from LIBC.LIB"
"_ioinit","Oregon32.exe","0x00433ff0","0x00033ff0","0x000001e0","","","__ioinit","","","match","toolchain-lib","13-16 29-32 44-47 50-53 86-89 106-109 160-163 167-170 177-180 199-202 245-248 255-258 280-283 303-306 332-335 345-348 394-397 448-451 455-458","VC4 CRT object match linked from LIBC:ioinit.obj"
"_heap_init","Oregon32.exe","0x004341d0","0x000341d0","0x00000020","","","__heap_init","","","match","toolchain-lib","11-14 16-19","VC4 CRT object match linked from LIBC:heapinit.obj"
"__FF_MSGBANNER","Oregon32.exe","0x004341f0","0x000341f0","0x0000003d","","","__FF_MSGBANNER","","","match","toolchain-lib","1-4 16-19 37-40","VC4 CRT runtime-message banner helper linked from LIBC.LIB"
"_NMSG_WRITE","Oregon32.exe","0x00434230","0x00034230","0x000001f0","","","__NMSG_WRITE","","","match","toolchain-lib","9-12 34-37 43-46 62-65 75-78 84-87 122-125 135-138 211-214 217-220 225-228 290-293 341-344 394-397 406-409 425-428 441-444 449-452 479-482","VC4 CRT object match linked from LIBC:crt0msg.obj"
"___crtGetStringTypeA","Oregon32.exe","0x00434420","0x00034420","0x00000123","","","___crtGetStringTypeA","","","match","toolchain-lib","4-7 22-25 30-33 59-62 67-70 94-97 99-102 118-121 154-157 177-180 200-203 214-217 244-247 266-269 274-277","VC4 CRT GetStringTypeA thunk linked from LIBC.LIB"
"FID_conflict:_ValidateRead","Oregon32.exe","0x004345f0","0x000345f0","0x00000020","","","_OtValidateRead_RealCpp","","src_otwin_app_crt_runtime_helpers.obj","match","cpp","18-21","Product C++ match: validates a readable memory range through the direct KERNEL32 IsBadReadPtr import."
"FID_conflict:_ValidateRead2","Oregon32.exe","0x00434610","0x00034610","0x00000020","","","_OtValidateWrite_RealCpp","","src_otwin_app_crt_runtime_helpers.obj","match","cpp","18-21","Product C++ match: validates a writable memory range through the direct KERNEL32 IsBadWritePtr import."
"_ValidateExecute","Oregon32.exe","0x00434630","0x00034630","0x0000001b","","","_OtValidateExecute_RealCpp","","src_otwin_app_crt_runtime_helpers.obj","match","cpp","13-16","Product C++ match: validates an executable pointer through the direct KERNEL32 IsBadCodePtr import."
"FID_conflict:_memcpy","Oregon32.exe","0x00434650","0x00034650","0x00000150","","","_memmove","","","match","toolchain-lib","51-54 56-59 60-63 64-67 68-71 153-156 204-207 208-211 212-215 216-219 220-223 319-322","VC4 CRT object match linked from LIBC:memmove.obj"
"_abort","Oregon32.exe","0x004347a0","0x000347a0","0x0000001b","","","_abort","","","match","toolchain-lib","3-6 13-16 23-26","VC4 CRT abort helper linked from LIBC.LIB"
"_callnewh","Oregon32.exe","0x004347c0","0x000347c0","0x00000021","","","__callnewh","","","match","toolchain-lib","2-5","VC4 CRT new-handler caller linked from LIBC.LIB"
"_dosmaperr","Oregon32.exe","0x004347f0","0x000347f0","0x00000068","","","__dosmaperr","","","match","toolchain-lib","7-10 12-15 26-29 44-47 56-59 61-64 82-85 93-96","VC4 CRT object match linked from LIBC:dosmap.obj"
"_alloc_osfhnd","Oregon32.exe","0x00434860","0x00034860","0x000000c0","","","__alloc_osfhnd","","","match","toolchain-lib","14-17 81-84 100-103 114-117 126-129","VC4 CRT object match linked from LIBC:osfinfo.obj"
"__set_osfhnd","Oregon32.exe","0x00434920","0x00034920","0x000000a3","","","__set_osfhnd","","","match","toolchain-lib","8-11 25-28 51-54 83-86 98-101 113-116 142-145 152-155","VC4 CRT OS-file-handle table setter linked from LIBC.LIB"
"_free_osfhnd","Oregon32.exe","0x004349d0","0x000349d0","0x00000090","","","__free_osfhnd","","","match","toolchain-lib","8-11 24-27 57-60 98-101 124-127 134-137","VC4 CRT object match linked from LIBC:osfinfo.obj"
"_get_osfhandle","Oregon32.exe","0x00434a60","0x00034a60","0x00000050","","","__get_osfhandle","","","match","toolchain-lib","6-9 25-28 43-46 53-56","VC4 CRT object match linked from LIBC:osfinfo.obj"
"_commit","Oregon32.exe","0x00434ab0","0x00034ab0","0x00000070","","","__commit","","","match","toolchain-lib","6-9 27-30 41-44 51-54 66-69 76-79 85-88 97-100","VC4 CRT object match linked from LIBC:commit.obj"
"_write","Oregon32.exe","0x00434b20","0x00034b20","0x00000230","","","__write","","","match","toolchain-lib","12-15 35-38 115-118 256-259 299-302 327-330 362-365 377-380 401-404 474-477 484-487 527-530 537-540","VC4 CRT object match linked from LIBC:write.obj"
"__getbuf","Oregon32.exe","0x00434d50","0x00034d50","0x0000004b","","","__getbuf","","","match","toolchain-lib","3-6 17-20","VC4 CRT stream buffer allocator linked from LIBC.LIB"
"_lseek","Oregon32.exe","0x00434da0","0x00034da0","0x000000c0","","","__lseek","","","match","toolchain-lib","8-11 29-32 56-59 76-79 102-105 120-123 130-133 167-170 177-180","VC4 CRT object match linked from LIBC:lseek.obj"
"_sopen","Oregon32.exe","0x00434e60","0x00034e60","0x00000420","","","__sopen","","","match","toolchain-lib","68-71 113-116 123-126 182-185 189-192 201-204 211-214 344-347 354-357 431-434 517-520 536-539 546-549 590-593 606-609 612-615 635-638 646-649 652-655 658-661 702-705 719-722 783-786 799-802 815-818 849-852 870-873 884-887 910-913 924-927 984-1003","VC4 CRT object match linked from LIBC:open.obj"
"_isatty","Oregon32.exe","0x00435280","0x00035280","0x0000002a","","","__isatty","","","match","toolchain-lib","6-9 28-31","VC4 CRT isatty helper linked from LIBC.LIB"
"calloc","Oregon32.exe","0x004352b0","0x000352b0","0x00000060","","","_calloc","","","match","toolchain-lib","22-25 27-30 52-55 61-64 71-74","VC4 CRT object match linked from LIBC:calloc.obj"
"_fcloseall","Oregon32.exe","0x00435310","0x00035310","0x00000080","","","__fcloseall","","","match","toolchain-lib","13-16 30-33 48-51 67-70 76-79 85-88 102-105","VC4 CRT object match linked from LIBC:closeall.obj"
"_wctomb","Oregon32.exe","0x00435390","0x00035390","0x00000092","","","_wctomb","","","match","toolchain-lib","19-22 45-48 75-78 92-95 112-115 129-132","VC4 CRT wide-char to multibyte converter linked from LIBC.LIB"
"__aulldiv","Oregon32.exe","0x00435430","0x00035430","0x00000068","","","__aulldiv","","","match","toolchain-lib","","VC4 CRT unsigned 64-bit division helper linked from LIBC.LIB"
"__aullrem","Oregon32.exe","0x004354a0","0x000354a0","0x00000075","","","__aullrem","","","match","toolchain-lib","","VC4 CRT unsigned 64-bit remainder helper linked from LIBC.LIB"
"_flsbuf","Oregon32.exe","0x00435520","0x00035520","0x00000150","","","__flsbuf","","","match","toolchain-lib","96-99 104-107 112-115 125-128 169-172 197-200 221-224 240-243 271-274","VC4 CRT object match linked from LIBC:_flsbuf.obj"
"__tzset","Oregon32.exe","0x00435670","0x00035670","0x00000020","","","___tzset","","","match","toolchain-lib","1-4 16-19","VC4 CRT object match linked from LIBC:tzset.obj"
"_tzset","Oregon32.exe","0x00435690","0x00035690","0x00000240","","","__tzset","","","match","toolchain-lib","13-16 18-21 42-45 75-78 96-99 123-126 135-138 144-147 157-160 182-185 193-196 243-246 251-254 271-274 279-282 315-318 333-336 342-345 363-366 383-386 412-415 430-433 458-461 467-470 492-495 499-502 507-510 518-521 525-528 544-547","VC4 CRT object match linked from LIBC:tzset.obj"
"_isindst","Oregon32.exe","0x004358d0","0x000358d0","0x000000d0","","","__isindst","","","match","toolchain-lib","72-75 84-87","VC4 CRT object match linked from LIBC:tzset.obj"
"___crtMessageBoxA","Oregon32.exe","0x004359a0","0x000359a0","0x00000092","","","___crtMessageBoxA","","","match","toolchain-lib","7-10 14-17 20-23 31-34 37-40 45-48 54-57 62-65 67-70 75-78 80-83 98-101 108-111 132-135","VC4 CRT MessageBoxA thunk linked from LIBC.LIB"
"_raise","Oregon32.exe","0x00435b20","0x00035b20","0x00000190","","","_raise","","","match","toolchain-lib","23-26 30-33 48-51 54-57 78-81 84-87 91-94 97-100 104-107 110-113 136-139 160-163 169-172 180-183 186-189 210-213 216-219 222-225 229-232 237-240 244-247 275-278 312-315 326-329 340-371","VC4 CRT object match linked from LIBC:winsig.obj"
"siglookup","Oregon32.exe","0x00435cb0","0x00035cb0","0x00000040","","","_siglookup","","","match","toolchain-lib","1-4 18-21 28-31","VC4 CRT object match linked from LIBC:winsig.obj"
"__chsize","Oregon32.exe","0x00435cf0","0x00035cf0","0x00000167","","","__chsize","","","match","toolchain-lib","6-9 25-28 50-53 70-73 95-98 146-149 174-177 196-199 205-208 218-221 234-237 243-246 253-256 269-272 279-282 284-287 297-300 341-344","VC4 CRT file-size change helper linked from LIBC.LIB"
"_fptrap","Oregon32.exe","0x00435e60","0x00035e60","0x00000010","","","__fptrap","","","match","toolchain-lib","3-6","VC4 CRT object match linked from LIBC:crt0fp.obj"
"FID_conflict:__getenv_lk","Oregon32.exe","0x00435e70","0x00035e70","0x000000a0","","","_getenv","","","match","toolchain-lib","6-9 16-19 24-27 41-44 111-114","VC4 CRT object match linked from LIBC:getenv.obj"
"realloc","Oregon32.exe","0x00435f10","0x00035f10","0x00000070","","","_realloc","","","match","toolchain-lib","17-20 34-37 49-52 54-57 80-83 89-92 99-102","VC4 CRT object match linked from LIBC:realloc.obj"
"__itoa","Oregon32.exe","0x00435fa0","0x00035fa0","0x0000003c","","","__itoa","","","match","toolchain-lib","","VC4 CRT integer-to-string wrapper linked from LIBC.LIB"
"xtoa","Oregon32.exe","0x00435fe0","0x00035fe0","0x00000060","","","_xtoa","","","match","toolchain-lib","","VC4 CRT integer conversion worker linked from LIBC.LIB"
"_setmode","Oregon32.exe","0x00436040","0x00036040","0x00000080","","","__setmode","","","match","toolchain-lib","7-10 26-29 102-105 119-122","VC4 CRT object match linked from LIBC:setmode.obj"
"__chkstk","Oregon32.exe","0x004360c0","0x000360c0","0x0000002f","","","__chkstk","","","match","toolchain-lib","","VC4 CRT object match linked from LIBC:chkstk.obj"
"__mbsnbicoll","Oregon32.exe","0x004360f0","0x000360f0","0x0000003b","","","__mbsnbicoll","","","match","toolchain-lib","12-15 24-27 38-41","VC4 CRT multibyte bounded case-insensitive collate helper linked from LIBC.LIB"
"___wtomb_environ","Oregon32.exe","0x00436130","0x00036130","0x0000008a","","","___wtomb_environ","","","match","toolchain-lib","5-8 17-20 48-51 89-92","VC4 CRT wide-to-multibyte environment copy helper linked from LIBC.LIB"
"__crtCompareStringA","Oregon32.exe","0x004361c0","0x000361c0","0x000002f0","","","___crtCompareStringA","","","match","toolchain-lib","5-8 19-22 26-29 36-39 46-49 83-86 90-93 100-103 110-113 166-169 189-192 203-206 231-234 316-319 521-524 551-554 597-600 620-623 639-642 667-670 703-706 717-720 730-733","VC4 CRT object match linked from LIBC:aw_cmp.obj"
"_strncnt","Oregon32.exe","0x004364b0","0x000364b0","0x0000002c","","","_strncnt","","LIBC:aw_cmp.obj","match","toolchain-lib","","VC4 CRT bounded string count helper linked from LIBC.LIB"
"__crtsetenv","Oregon32.exe","0x004364e0","0x000364e0","0x00000250","","","___crtsetenv","","","match","toolchain-lib","26-29 61-64 73-76 80-83 94-97 100-103 120-123 128-131 172-175 182-185 190-193 212-215 224-227 234-237 242-245 264-267 276-279 323-326 356-359 405-408 446-449 475-478 546-549 552-555","VC4 CRT object match linked from LIBC:setenv.obj"
"findenv","Oregon32.exe","0x00436730","0x00036730","0x0000005c","","","_findenv","","","match","toolchain-lib","5-8 28-31 65-68 79-82","VC4 CRT environment lookup helper linked from LIBC.LIB"
"copy_environ","Oregon32.exe","0x00436790","0x00036790","0x00000074","","","_copy_environ","","","match","toolchain-lib","47-50 65-68 89-92","VC4 CRT environment copy helper linked from LIBC.LIB"
"__mbschr","Oregon32.exe","0x00436810","0x00036810","0x0000008d","","","__mbschr","","","match","toolchain-lib","2-5 23-26 62-65","VC4 CRT multibyte string character search helper linked from LIBC.LIB"
"__strdup","Oregon32.exe","0x004368a0","0x000368a0","0x00000026","","","__strdup","","","match","toolchain-lib","9-12 17-20 29-32","VC4 CRT string duplication helper linked from LIBC.LIB. Mask covers only direct-call rel32 operands."
"strlen","Oregon32.exe","0x004368d0","0x000368d0","0x00000077","","","_strlen","","","match","toolchain-lib","","VC4 CRT strlen helper linked from LIBC.LIB"
"FID_conflict:__mbscpy","Oregon32.exe","0x00436950","0x00036950","0x000000e8","","","__mbscpy","","","match","toolchain-lib","","VC4 CRT multibyte string copy helper linked from LIBC.LIB"
"OtImportRtlUnwind_linker","Oregon32.exe","0x00436a38","0x00036a38","0x00000006","","","_RtlUnwind@16","","","match","toolchain-lib","2-5","MSVC import thunk for KERNEL32 RtlUnwind"
"__strlwr","Oregon32.exe","0x00436a40","0x00036a40","0x000000bb","","","__strlwr","","","match","toolchain-lib","8-11 64-67 80-83 95-98 111-114 127-130 173-176","VC4 CRT string lowercasing helper linked from LIBC.LIB; masks cover only locale/global address operands and direct-call rel32 helper operands."
"___crtLCMapStringA","Oregon32.exe","0x00436b00","0x00036b00","0x00000230","","","___crtLCMapStringA","","","match","toolchain-lib","2-5 17-20 26-29 57-60 70-73 94-97 103-106 128-131 133-136 176-179 198-201 225-228 251-254 288-291 314-317 367-370 381-384 390-393 413-416 442-445 472-475 505-508 532-535 541-544","VC4 CRT object match linked from LIBC:aw_map.obj"
"_strncnt","Oregon32.exe","0x00436d30","0x00036d30","0x0000002c","","","_strncnt","","LIBC:aw_map.obj","match","toolchain-lib","","second original copy of VC4 CRT bounded string count helper"
"_CPtoLCID_dll","OREGON32.DLL","0x10001db0","0x00001db0","0x00000038","","","_CPtoLCID","","","match","toolchain-lib","18-21 25-28","DLL twin: LIBC.LIB CRT code-page to LCID mapper. Mask covers two internal-call rel32 displacements that differ between exe and DLL link."
"__FF_MSGBANNER_dll","OREGON32.DLL","0x10002010","0x00002010","0x0000003d","","","__FF_MSGBANNER","","","match","toolchain-lib","1-4 16-19 37-40","DLL twin: LIBC.LIB CRT runtime-message banner helper. Mask covers three rel32 sites."
"__flush_dll","OREGON32.DLL","0x10002830","0x00002830","0x00000064","","","__flush","","","match","toolchain-lib","47-50","DLL twin: LIBC.LIB CRT stream flush worker."
"__freebuf_dll","OREGON32.DLL","0x10002e80","0x00002e80","0x00000039","","","__freebuf","","","match","toolchain-lib","21-24","DLL twin: LIBC.LIB CRT stream buffer releaser."
"__cinit_dll","OREGON32.DLL","0x10001260","0x00001260","0x00000030","","","__cinit","","","match","toolchain-lib","1-4 12-15 17-20 30-33 35-38","DLL twin: LIBC.LIB CRT C-init driver. Mask covers IAT abs32 + four push-imm32 site addresses that differ between exe and DLL link."
"__exit_dll","OREGON32.DLL","0x10001290","0x00001290","0x00000012","","","__exit","","","match","toolchain-lib","10-13","DLL twin: LIBC.LIB CRT exit dispatcher. Mask covers single internal-call rel32."
"_fclose_dll","OREGON32.DLL","0x10002970","0x00002970","0x0000003f","","","_fclose","lcmt","","match","toolchain-lib","31-34 51-54","DLL twin via LIBCMT: lock-bracketed CRT stream close. Mask covers two internal rel32 sites."
"__close_dll","OREGON32.DLL","0x10002d80","0x00002d80","0x0000006e","","","__close","lcmt","","match","toolchain-lib","8-11 32-35 48-51 68-71 81-84 92-95","DLL twin via LIBCMT: lock-bracketed CRT file close. Mask covers six internal rel32 sites."
"__setargv_dll","OREGON32.DLL","0x100018b0","0x000018b0","0x0000009b","","","__setargv","lcmt","","match","toolchain-lib","11-14 20-23 25-28 31-34 42-45 82-85 98-101 140-143 146-149","Exact VC4 LIBCMT stdargv.obj DLL twin for CRT argv initialization. All nine masks are independently validated HIGHLOW or REL32 address operands."
"___crtMessageBoxA_dll","OREGON32.DLL","0x10002550","0x00002550","0x00000092","","","___crtMessageBoxA","lcmt","","match","toolchain-lib","7-10 14-17 20-23 31-34 37-40 45-48 54-57 62-65 67-70 75-78 80-83 98-101 108-111 132-135","Exact VC4 LIBCMT crtmbox.obj DLL twin. The LCMT object preserves the DLL's module/procedure register allocation; all fourteen masks are independently validated HIGHLOW operands."
"__callnewh_dll","OREGON32.DLL","0x10002710","0x00002710","0x0000003e","","","__callnewh","lcmt","","match","toolchain-lib","3-6 11-14 36-39 52-55","DLL twin via LIBCMT: CRT new-handler dispatch. Mask covers four rel32 sites."
"__dosmaperr_dll","OREGON32.DLL","0x10002ec0","0x00002ec0","0x00000073","","","__dosmaperr","lcmt","","match","toolchain-lib","15-18 28-31 65-68","DLL twin via LIBCMT: CRT errno mapping table. Mask covers three relocation sites."
"__ioterm_dll","OREGON32.DLL","0x10001770","0x00001770","0x00000055","","","__ioterm","lcmt","","match","toolchain-lib","4-7 11-14 62-65 74-77","DLL twin via LIBCMT: CRT IO termination. Mask covers four relocation sites."
"__write_dll","OREGON32.DLL","0x10002ac0","0x00002ac0","0x00000078","","","__write","lcmt","","match","toolchain-lib","8-11 32-35 48-51 78-81 91-94 102-105","DLL twin via LIBCMT: lock-bracketed CRT write. Mask covers six rel32 sites."
"__free_osfhnd_dll","OREGON32.DLL","0x10002f60","0x00002f60","0x00000091","","","__free_osfhnd","lcmt","","match","toolchain-lib","8-11 24-27 56-59 97-100 116-119 127-130","DLL twin via LIBCMT: CRT osfhnd table cleanup. Mask covers six rel32 sites."
"__initptd_dll","OREGON32.DLL","0x10001420","0x00001420","0x00000013","","","__initptd","lcmt","","match","toolchain-lib","7-10","DLL twin via LIBCMT: per-thread-data init. Mask covers single rel32."
"__mtinit_dll","OREGON32.DLL","0x10001390","0x00001390","0x00000060","","","__mtinit","lcmt","","match","toolchain-lib","2-5 8-11 13-16 31-34 46-49 53-56 72-75","DLL twin via LIBCMT: multi-threaded CRT init. Mask covers seven relocation sites."
"__mtterm_dll","OREGON32.DLL","0x100013f0","0x000013f0","0x00000021","","","__mtterm","lcmt","","match","toolchain-lib","1-4 6-9 18-21 24-27","DLL twin via LIBCMT: multi-threaded CRT teardown. Mask covers four relocation sites."
"__getptd_dll","OREGON32.DLL","0x10001440","0x00001440","0x0000006f","","","__getptd","lcmt","","match","toolchain-lib","4-7 11-14 18-21 33-36 48-51 55-58 74-77 92-95 102-105","DLL twin via LIBCMT: per-thread-data lookup. Mask covers nine relocation sites."
"__freeptd_dll","OREGON32.DLL","0x100014b0","0x000014b0","0x000000a1","","","__freeptd","lcmt","","match","toolchain-lib","2-5 23-26 30-33 49-52 65-68 81-84 97-100 113-116 129-132 138-141 148-151 155-158","DLL twin via LIBCMT: per-thread-data cleanup. Mask covers twelve relocation sites."
"__mtinitlocks_dll","OREGON32.DLL","0x10002240","0x00002240","0x0000002a","","","__mtinitlocks","lcmt","","match","toolchain-lib","2-5 9-12 17-20 25-28 33-36","DLL twin via LIBCMT: lock-table init. Mask covers five relocation sites."
"__mtdeletelocks_dll","OREGON32.DLL","0x10002270","0x00002270","0x00000064","","","__mtdeletelocks","lcmt","","match","toolchain-lib","5-8 14-17 51-54 65-68 73-76 81-84 89-92","DLL twin via LIBCMT: lock-table teardown. Mask covers seven relocation sites."
"__lock_dll","OREGON32.DLL","0x100022e0","0x000022e0","0x00000068","","","__lock","lcmt","","match","toolchain-lib","12-15 24-27 40-43 65-68 74-77 96-99","DLL twin via LIBCMT: lock-acquire primitive. Mask covers six relocation sites."
"__unlock_dll","OREGON32.DLL","0x10002350","0x00002350","0x00000017","","","__unlock","lcmt","","match","toolchain-lib","10-13 17-20","DLL twin via LIBCMT: lock-release primitive (Ghidra reported as FUN_10002350; confirmed by byte-shape and call from FUN_10001360 wrapper). Mask covers two relocation sites."
"__lock_file2_dll","OREGON32.DLL","0x100023b0","0x000023b0","0x00000028","","","__lock_file2","lcmt","","match","toolchain-lib","34-37","DLL twin via LIBCMT: stream-lock acquire variant (Ghidra reported as FUN_100023b0). Mask covers single rel32."
"__commit_dll","OREGON32.DLL","0x10002a10","0x00002a10","0x000000a2","","","__commit","lcmt","","match","toolchain-lib","9-12 25-28 51-54 74-77 84-87 94-97 105-108 117-120 129-132 143-146","DLL twin via LIBCMT: file-handle commit/flush (Ghidra reported as FUN_10002a10). Mask covers ten relocation sites."
"__cexit_dll","OREGON32.DLL","0x100012b0","0x000012b0","0x0000000f","","","__cexit","lcmt","","match","toolchain-lib","7-10","DLL twin via LIBCMT: CRT cleanup invoker (Ghidra reported as FUN_100012b0). Provenance audit corrected the selected CRT symbol from _c_exit to _cexit; the mask covers the complete doexit rel32 operand."
"_doexit_dll","OREGON32.DLL","0x100012c0","0x000012c0","0x0000008a","","","_doexit","lcmt","","match","toolchain-lib","9-12 28-31 36-39 45-48 54-57 73-76 80-83 85-88 98-101 103-106 134-137","DLL twin via LIBCMT: process-exit driver (Ghidra reported as FUN_100012c0). Mask covers eleven relocation sites."
"__heap_init_dll","OREGON32.DLL","0x10001560","0x00001560","0x00000015","","","__heap_init","lcmt","","match","toolchain-lib","11-14 16-19","Exact VC4 LIBCMT heapinit.obj DLL twin. The LCMT variant preserves the DLL's push-0 heap option; both masks are independently validated HIGHLOW operands."
"__unlock_file2_dll","OREGON32.DLL","0x10002420","0x00002420","0x00000028","","","__unlock_file2","lcmt","","match","toolchain-lib","34-37","DLL twin via LIBCMT: stream-unlock variant (Ghidra reported as FUN_10002420). Mask covers single rel32."
"__heap_alloc_dll","OREGON32.DLL","0x10002530","0x00002530","0x00000015","","","__heap_alloc","lcmt","","match","toolchain-lib","6-9 16-19","DLL twin via LIBCMT: heap allocator stub (Ghidra reported as FUN_10002530). Mask covers two relocation sites."
"_malloc_dll","OREGON32.DLL","0x100024d0","0x000024d0","0x00000014","","","_malloc","lcmt","","match","toolchain-lib","1-4","DLL twin via LIBCMT: malloc front-end (Ghidra reported as FUN_100024d0). Mask covers single rel32 to __nh_malloc."
"_free_dll","OREGON32.DLL","0x100024b0","0x000024b0","0x00000018","","","_free","lcmt","","match","toolchain-lib","12-15 19-22","DLL twin via LIBCMT: free front-end (Ghidra reported as FUN_100024b0). Mask covers two relocation sites (the heap mutex acquire + free body)."
"__nh_malloc_dll","OREGON32.DLL","0x100024f0","0x000024f0","0x00000040","","","__nh_malloc","lcmt","","match","toolchain-lib","48-51","DLL twin via LIBCMT: new-handler-aware allocator (Ghidra reported as FUN_100024f0). Mask covers single rel32."
"_CRT_INIT_dll","OREGON32.DLL","0x10001000","0x00001000","0x0000014d","","","__CRT_INIT@12","dllcrt","","match","toolchain-lib","15-18 21-24 27-30 47-50 55-58 61-64 70-73 77-80 88-91 96-99 104-107 119-122 128-131 133-136 139-142 149-152 154-157 163-166 174-177 179-182 184-187 190-193 196-199 207-210 212-215 217-220 222-225 240-243 254-257 265-268 271-274 278-281 283-286 288-291 293-296 318-321","DLL twin via LIBCMT:dllcrt0.obj: CRT initialization helper (Ghidra reported as FUN_10001000). Mask covers 36 relocation sites across the 333-byte body. Resolved via the dllcrt third candidate DLL."
"entry_dll","OREGON32.DLL","0x10001150","0x00001150","0x000000ce","","","__DllMainCRTStartup@12","dllcrt","","match","toolchain-lib","19-22 34-37 64-67 74-77 129-132 145-148 150-153 182-185","DLL twin via LIBCMT:dllcrt0.obj: DLL entry-point shim (Ghidra reported as 'entry'). Mask covers 8 relocation sites."
"__amsg_exit_dll","OREGON32.DLL","0x10001220","0x00001220","0x00000038","","","__amsg_exit","dllcrt","","match","toolchain-lib","1-4 16-19 24-27 34-37 48-51","DLL twin via LIBCMT:crt0msg.obj (pulled by dllcrt0): runtime-message exit helper -- checks an exit-already-called flag, calls __NMSG_WRITE for prefix + specific error message, then _exit(0xff). Companion to the EXE __amsg_exit row. Mask covers 5 relocation sites (2 DAT references, 2 internal call rel32, 1 IAT call slot)."
"__initterm_dll","OREGON32.DLL","0x10001370","0x00001370","0x00000020","","","__initterm","dllcrt","","match","toolchain-lib","","Raw byte-perfect VC4 LIBCMT crt0dat.obj function-pointer-table initializer from the DLL-startup candidate. The generic CRT object has six hard ESI/EDI allocation differences and is not borrowed."
"___doserrno_dll","OREGON32.DLL","0x10002f50","0x00002f50","0x00000009","","","___doserrno","dllcrt","","match","toolchain-lib","1-4","DLL twin via LIBCMT:dosmap.obj (pulled by dllcrt0): per-thread DOS-errno accessor (call __getptd; add eax, offset; ret). Mask covers single rel32 to __getptd."
"__errno_dll","OREGON32.DLL","0x10002f40","0x00002f40","0x00000009","","","__errno","dllcrt","","match","toolchain-lib","1-4","DLL twin via LIBCMT:dosmap.obj: _errno returns the address of the VC4 per-thread errno field at offset 8. Mask covers the single rel32 relocation to __getptd."
"_strncpy_dll","OREGON32.DLL","0x100025f0","0x000025f0","0x00000024","","","_strncpy","lcmt","","match","toolchain-lib","","DLL twin via LIBCMT: classic strncpy lodsb/stosb-with-zero-pad implementation (Ghidra reported as FUN_100025f0). PERFECT byte match (no mask) -- pure register-only x86 assembly with zero relocations."
"_strncat_dll","OREGON32.DLL","0x10002d40","0x00002d40","0x00000031","","","_strncat","lcmt","","match","toolchain-lib","","DLL twin via LIBCMT: classic strncat scasb-then-movsb implementation (Ghidra reported as FUN_10002d40). PERFECT byte match (no mask)."
"__get_osfhandle_dll","OREGON32.DLL","0x10003000","0x00003000","0x0000004a","","","__get_osfhandle","lcmt","","match","toolchain-lib","6-9 31-34 47-50 58-61","DLL twin via LIBCMT: validate file descriptor and return its OS handle, setting EBADF + clearing __doserrno on failure (Ghidra reported as FUN_10003000). Mask covers four relocation sites (table-base abs32 + rel32 to errno helpers)."
"_calloc_dll","OREGON32.DLL","0x10002450","0x00002450","0x00000052","","","_calloc","lcmt","","match","toolchain-lib","22-25 27-30 52-55 61-64 71-74","Exact VC4 LIBCMT calloc.obj DLL twin, including the DLL-specific count/size load order. All five masks are independently validated HIGHLOW or REL32 address operands."
"__fcloseall_dll","OREGON32.DLL","0x10002750","0x00002750","0x00000098","","","__fcloseall","lcmt","","match","toolchain-lib","14-17 23-26 36-39 41-44 60-63 79-82 94-97 103-106 112-115 129-132 138-141","DLL twin via LIBCMT: iterate all open streams, fclose each, return success count, bracketed by __lock(2)/__unlock(2) (Ghidra reported as FUN_10002750). Mask covers eleven relocation sites."
"__ioinit_dll","OREGON32.DLL","0x10001590","0x00001590","0x000001db","","","__ioinit","dllcrt","","match","toolchain-lib","13-16 29-32 44-47 50-53 89-92 109-112 164-167 171-174 181-184 202-205 250-253 260-263 285-288 311-314 344-347 385-388 399-402 456-459 463-466","DLL twin via LIBCMT (dllcrt variant): CRT IO subsystem init -- allocate osfile/osfhnd table, process inherited handles from STARTUPINFO, set up stdin/stdout/stderr (Ghidra reported as FUN_10001590, identified via Ghidra decompile). Mask covers 19 relocation sites."
"__setenvp_dll","OREGON32.DLL","0x100017d0","0x000017d0","0x000000db","","","__setenvp","dllcrt","","match","toolchain-lib","5-8 55-58 60-63 76-79 85-88 122-125 138-141 192-195 198-201","Exact VC4 LIBCMT stdenvp.obj twin from the DLL-startup candidate: parses the DLL environment block and populates _environ. All nine masks are independently validated HIGHLOW or REL32 address operands."
"___crtGetEnvironmentStringsA_dll","OREGON32.DLL","0x10001e50","0x00001e50","0x0000019b","","","___crtGetEnvironmentStringsA","dllcrt","","match","toolchain-lib","5-8 18-21 32-35 48-51 60-63 90-93 96-99 177-180 189-192 216-219 226-229 238-241 255-258 271-274 284-287 330-333 348-351 385-388","Exact VC4 LIBCMT aw_env.obj DLL-startup twin: prefers wide environment strings and converts to ANSI, with ANSI fallback. All eighteen masks are independently validated HIGHLOW or REL32 address operands."
"__NMSG_WRITE_dll","OREGON32.DLL","0x10002050","0x00002050","0x000001ee","","","__NMSG_WRITE","dllcrt","","match","toolchain-lib","9-12 34-37 43-46 62-65 75-78 84-87 122-125 135-138 211-214 217-220 225-228 290-293 341-344 394-397 406-409 425-428 441-444 449-452 479-482","DLL twin via LIBCMT (dllcrt variant): CRT runtime-error message dispatcher -- look up error number in DAT_10005558 table, format 'Runtime Error! Program: <path>\\n<message>', display via ___crtMessageBoxA or WriteFile (Ghidra reported as FUN_10002050). Mask covers 19 relocation sites."
"_flsall_dll","OREGON32.DLL","0x100028b0","0x000028b0","0x000000b9","","","_flsall","lcmt","","match","toolchain-lib","20-23 32-35 52-55 60-63 127-130 137-140 159-162","DLL twin via LIBCMT: flush-all-streams worker called by fflush(NULL); iterates the stream table, calls __fflush_lk on writeable entries, returns success count or -1 (Ghidra reported as FUN_100028b0). Mask covers 7 relocation sites."
"__setmbcp_dll","OREGON32.DLL","0x10001b30","0x00001b30","0x00000223","","","__setmbcp","lcmt","","match","toolchain-lib","10-13 34-37 43-46 72-75 98-101 118-121 132-135 146-149 202-205 232-235 248-251 266-269 300-303 330-333 336-339 367-370 380-383 385-388 399-402 408-411 426-429 446-449 451-454 458-461 473-476 492-495 507-510 527-530","DLL twin via LIBCMT: 547-byte multi-byte code-page setter (Ghidra reported as FUN_10001b30). Mask covers 28 relocation sites across the body."
"__lock_fhandle_dll","OREGON32.DLL","0x10003050","0x00003050","0x00000061","","","__lock_fhandle","lcmt","","match","toolchain-lib","23-26 43-46 62-65 72-75 89-92","DLL twin via LIBCMT: file-handle lock. Mask covers five relocation sites."
"__unlock_fhandle_dll","OREGON32.DLL","0x100030c0","0x000030c0","0x00000028","","","__unlock_fhandle","lcmt","","match","toolchain-lib","23-26 35-38","DLL twin via LIBCMT: file-handle unlock. Mask covers two relocation sites."
"__fflush_lk_dll","OREGON32.DLL","0x100027f0","0x000027f0","0x0000003c","","","__fflush_lk","lcmt","","match","toolchain-lib","36-39","DLL twin via LIBCMT: locked-stream flush helper. Mask covers single rel32."
"__fclose_lk_dll","OREGON32.DLL","0x100029b0","0x000029b0","0x0000005f","","","__fclose_lk","lcmt","","match","toolchain-lib","19-22 30-33 42-45 69-72","DLL twin via LIBCMT: locked-stream close helper. Mask covers four relocation sites."
"__close_lk_dll","OREGON32.DLL","0x10002df0","0x00002df0","0x00000089","","","__close_lk","lcmt","","match","toolchain-lib","19-22 31-34 44-47 54-57 64-67 76-79 89-92 121-124","DLL twin via LIBCMT: locked file-handle close helper. Mask covers eight relocation sites."
"__lseek_lk_dll","OREGON32.DLL","0x100030f0","0x000030f0","0x00000082","","","__lseek_lk","lcmt","","match","toolchain-lib","8-11 21-24 54-57 72-75 82-85 113-116","DLL twin via LIBCMT: locked seek helper. Mask covers six relocation sites."
"__write_lk_dll","OREGON32.DLL","0x10002b40","0x00002b40","0x000001fb","","","__write_lk","lcmt","","match","toolchain-lib","56-59 98-101 239-242 282-285 310-313 344-347 355-358 387-390 453-456 464-467","DLL twin via LIBCMT: locked write loop. Mask covers ten relocation sites across the 507-byte body."
"setSBCS_dll","OREGON32.DLL","0x10001e10","0x00001e10","0x0000002c","","","_setSBCS","lcmt","","match","toolchain-lib","4-7 17-20 22-25 28-31 33-36","DLL twin via LIBCMT: SBCS code-page setter. Mask covers five relocation sites."
"getSystemCP_dll","OREGON32.DLL","0x10001d60","0x00001d60","0x0000004d","","","_getSystemCP","lcmt","","match","toolchain-lib","2-5 21-24 31-34 42-45 52-55 63-66 72-75","DLL twin via LIBCMT: system code-page query. Mask covers seven relocation sites."
"__lock_file_a_dll","OREGON32.DLL","0x10002370","0x00002370","0x00000036","","","__lock_file","lcmt","","match","toolchain-lib","8-11 15-18 22-25 48-51","DLL twin via LIBCMT: stream-lock acquire (Ghidra FID_conflict copy A). Mask covers four relocation sites."
"__unlock_file_b_dll","OREGON32.DLL","0x100023e0","0x000023e0","0x00000036","","","__unlock_file","lcmt","","match","toolchain-lib","8-11 15-18 22-25 48-51","DLL twin via the genuine VC4 LIBCMT stream-lock release body; masked targets include the matching LeaveCriticalSection import."
"parse_cmdline_dll","OREGON32.DLL","0x10001950","0x00001950","0x000001d2","","","_parse_cmdline","lcmt","","match","toolchain-lib","75-78 143-146 372-375 405-408","DLL twin via LIBCMT: 466-byte CRT command-line parser. Mask covers four relocation sites; pulled transitively from stdargv.obj alongside __setargv."
"DllMain_dll","OREGON32.DLL","0x10002000","0x00002000","0x00000008","","","_DllMain@12","dllcrt","","match","toolchain-lib","","DLL twin via LIBCMT:dllmain.obj: the default VC4 DllMain returns TRUE for every reason code and uses the canonical stdcall ret 12-byte cleanup."
"__set_app_type_dll","OREGON32.DLL","0x10001ff0","0x00001ff0","0x0000000a","","","___set_app_type","dllcrt","","match","toolchain-lib","5-8","DLL twin via LIBCMT:errmode.obj: __set_app_type stores its argument in the CRT __app_type global. This body was previously misidentified as _set_error_mode; the actual VC4 _set_error_mode is a distinct 42-byte query/set routine. Mask covers the abs32 global relocation."
"__lockexit_dll","OREGON32.DLL","0x10001350","0x00001350","0x0000000b","","","__lockexit","dllcrt","","match","toolchain-lib","3-6","DLL twin via LIBCMT:crt0dat.obj: exit-table lock wrapper calls __lock(13). Mask covers the single rel32 relocation."
"__unlockexit_dll","OREGON32.DLL","0x10001360","0x00001360","0x0000000b","","","__unlockexit","dllcrt","","match","toolchain-lib","3-6","DLL twin via LIBCMT:crt0dat.obj: exit-table unlock wrapper calls __unlock(13). Mask covers the single rel32 relocation."
"__heap_term_dll","OREGON32.DLL","0x10001580","0x00001580","0x0000000d","","","__heap_term","dllcrt","","match","toolchain-lib","1-4 8-11","DLL twin via LIBCMT:heapinit.obj: _heap_term loads the CRT private-heap handle and calls KERNEL32!HeapDestroy. Masks cover the global abs32 and imported-call slot relocations."
"__initmbctable_dll","OREGON32.DLL","0x10001e40","0x00001e40","0x0000000b","","","___initmbctable","dllcrt","","match","toolchain-lib","3-6","DLL twin via LIBCMT:mbctype.obj: __initmbctable calls __setmbcp(-3), the VC4 _MB_CP_OEM sentinel. Mask covers the single rel32 relocation."
"OtFreePositionedBitmapEhThunk_0040164c","Oregon32.exe","0x40164c","0x164c","0xe","","","??0RuntimeDialogBitmapState_00401570@@QAE@XZ + 0x83","","src_otwin_app_runtime_dialog_dispatch.obj","match","cpp","10-13","Product-reachable compiler-generated VC4 /GX cleanup funclet from the shared-message dialog bitmap-state constructor: destroys the member at offset 0xc8 during constructor unwinding. Symbol-relative Product anchor is stable across isolated and integrated VC4 builds; mask covers only the generated direct jmp rel32 to the member destructor."
"OtFreePositionedBitmapEhThunk_0040165a","Oregon32.exe","0x40165a","0x165a","0xe","","","??0RuntimeDialogBitmapState_00401570@@QAE@XZ + 0x91","","src_otwin_app_runtime_dialog_dispatch.obj","match","cpp","10-13","Product-reachable compiler-generated VC4 /GX cleanup funclet from the shared-message dialog bitmap-state constructor: destroys the member at offset 0xa0 during constructor unwinding. Symbol-relative Product anchor is stable across isolated and integrated VC4 builds; mask covers only the generated direct jmp rel32 to the member destructor."
"OtFreePositionedBitmapEhThunk_00404840","Oregon32.exe","0x404840","0x4840","0xe","","","??1MainWindowRuntimeObject_00405a40@@QAE@XZ+0x110","","src_otwin_app_application_runtime_lifecycle.obj","match","cpp","10-13","Product compiler-generated VC4 /GX destructor cleanup funclet for the genuine main-window runtime owner: destroys the wagon PositionedBitmap member at owner offset 0x8c. Fresh same-owner disassembly after the faithful destructor cleanup places the exact thunk at +0x110; the mask covers only the complete generated direct-jump rel32 operand to the Product destructor."
"OtFreePositionedBitmapEhThunk_00406efe","Oregon32.exe","0x406efe","0x6efe","0xe","","","??1TrailTravelViewport_00406e70@@QAE@XZ+0x8e","","src_otwin_trail_destroy_trail_travel_viewport.obj","match","cpp","10-13","Product-reachable compiler-generated VC4 /GX cleanup funclet from the exact Product TrailTravelViewport destructor: destroys the positioned-bitmap member at owner offset 0x278 during unwinding. Parent-symbol-relative Product anchor is stable across repeated integrated VC4 builds; mask covers only the generated direct jmp rel32 to the member destructor."
"OtFreePositionedBitmapEhThunk_00406f24","Oregon32.exe","0x406f24","0x6f24","0xe","","","??1TrailTravelViewport_00406e70@@QAE@XZ+0xb4","","src_otwin_trail_destroy_trail_travel_viewport.obj","match","cpp","10-13","Product-reachable compiler-generated VC4 /GX cleanup funclet from the exact Product TrailTravelViewport destructor: destroys the positioned-bitmap member at owner offset 0x174 during unwinding. Parent-symbol-relative Product anchor is stable across repeated integrated VC4 builds; mask covers only the generated direct jmp rel32 to the member destructor."
"OtFreePositionedBitmapEhThunk_004074c4","Oregon32.exe","0x4074c4","0x74c4","0xe","","","_OtGeneralStoreDialogProc_00407340_ProductWip@16+0x184","","src_otwin_trade_general_store_dialog_runtime.obj","match","cpp","10-13","Product VC4 /GX cleanup for the genuine General Store dialog state; destroys the PositionedBitmap at owner offset 0xf0. The mask covers only the complete direct-jump rel32 operand."
"OtFreePositionedBitmapEhThunk_004074d2","Oregon32.exe","0x4074d2","0x74d2","0xe","","","_OtGeneralStoreDialogProc_00407340_ProductWip@16+0x192","","src_otwin_trade_general_store_dialog_runtime.obj","match","cpp","10-13","Product VC4 /GX cleanup for the genuine General Store dialog state; destroys the PositionedBitmap at owner offset 0xc8. The mask covers only the complete direct-jump rel32 operand."
"OtFreePositionedBitmapEhThunk_004074e0","Oregon32.exe","0x4074e0","0x74e0","0xe","","","_OtGeneralStoreDialogProc_00407340_ProductWip@16+0x1a0","","src_otwin_trade_general_store_dialog_runtime.obj","match","cpp","10-13","Product VC4 /GX cleanup for the genuine General Store dialog state; destroys the PositionedBitmap at owner offset 0xa0. The mask covers only the complete direct-jump rel32 operand."
"OtFreePositionedBitmapEhThunk_004097d8","Oregon32.exe","0x4097d8","0x97d8","0xe","","","_OtStoreExDialogProc_004096b0_ProductWip@16+0x128","","src_otwin_trade_store_extension_dialog_runtime.obj","match","cpp","10-13","Product VC4 /GX cleanup for the genuine Store Extension dialog state; destroys the PositionedBitmap at owner offset 0xc8. The mask covers only the complete direct-jump rel32 operand."
"OtFreePositionedBitmapEhThunk_004097e6","Oregon32.exe","0x4097e6","0x97e6","0xe","","","_OtStoreExDialogProc_004096b0_ProductWip@16+0x136","","src_otwin_trade_store_extension_dialog_runtime.obj","match","cpp","10-13","Product VC4 /GX cleanup for the genuine Store Extension dialog state; destroys the PositionedBitmap at owner offset 0xa0. The mask covers only the complete direct-jump rel32 operand."
"OtFreePositionedBitmapEhThunk_0040a000","Oregon32.exe","0x40a000","0xa000","0xe","","","??0GuideBookDialogState_00409e50_Product@@QAE@XZ+0xdd","","src_otwin_trail_construct_guide_book_dialog_state.obj","match","cpp","10-13","Product compiler-generated VC4 /GX constructor cleanup funclet for the genuine Guide Book dialog state: destroys the PositionedBitmap member at owner offset 0x1b8. Owner-relative anchoring is stable across fresh links; the mask covers only the complete generated direct-jump rel32 operand to the Product destructor."
"OtFreePositionedBitmapEhThunk_0040a00e","Oregon32.exe","0x40a00e","0xa00e","0xe","","","??0GuideBookDialogState_00409e50_Product@@QAE@XZ+0xeb","","src_otwin_trail_construct_guide_book_dialog_state.obj","match","cpp","10-13","Product compiler-generated VC4 /GX constructor cleanup funclet for the genuine Guide Book dialog state: destroys the PositionedBitmap member at owner offset 0x190. Owner-relative anchoring is stable across fresh links; the mask covers only the complete generated direct-jump rel32 operand to the Product destructor."
"OtFreePositionedBitmapEhThunk_0040a01c","Oregon32.exe","0x40a01c","0xa01c","0xe","","","??0GuideBookDialogState_00409e50_Product@@QAE@XZ+0xf9","","src_otwin_trail_construct_guide_book_dialog_state.obj","match","cpp","10-13","Product compiler-generated VC4 /GX constructor cleanup funclet for the genuine Guide Book dialog state: destroys the PositionedBitmap member at owner offset 0x168. Owner-relative anchoring is stable across fresh links; the mask covers only the complete generated direct-jump rel32 operand to the Product destructor."
"OtFreePositionedBitmapEhThunk_0040a02a","Oregon32.exe","0x40a02a","0xa02a","0xe","","","??0GuideBookDialogState_00409e50_Product@@QAE@XZ+0x107","","src_otwin_trail_construct_guide_book_dialog_state.obj","match","cpp","10-13","Product compiler-generated VC4 /GX constructor cleanup funclet for the genuine Guide Book dialog state: destroys the PositionedBitmap member at owner offset 0x140. Owner-relative anchoring is stable across fresh links; the mask covers only the complete generated direct-jump rel32 operand to the Product destructor."
"OtFreePositionedBitmapEhThunk_0040a038","Oregon32.exe","0x40a038","0xa038","0xe","","","??0GuideBookDialogState_00409e50_Product@@QAE@XZ+0x115","","src_otwin_trail_construct_guide_book_dialog_state.obj","match","cpp","10-13","Product compiler-generated VC4 /GX constructor cleanup funclet for the genuine Guide Book dialog state: destroys the PositionedBitmap member at owner offset 0x118. Owner-relative anchoring is stable across fresh links; the mask covers only the complete generated direct-jump rel32 operand to the Product destructor."
"OtFreePositionedBitmapEhThunk_0040a046","Oregon32.exe","0x40a046","0xa046","0xe","","","??0GuideBookDialogState_00409e50_Product@@QAE@XZ+0x123","","src_otwin_trail_construct_guide_book_dialog_state.obj","match","cpp","10-13","Product compiler-generated VC4 /GX constructor cleanup funclet for the genuine Guide Book dialog state: destroys the PositionedBitmap member at owner offset 0xf0. Owner-relative anchoring is stable across fresh links; the mask covers only the complete generated direct-jump rel32 operand to the Product destructor."
"OtFreePositionedBitmapEhThunk_0040a054","Oregon32.exe","0x40a054","0xa054","0xe","","","??0GuideBookDialogState_00409e50_Product@@QAE@XZ+0x131","","src_otwin_trail_construct_guide_book_dialog_state.obj","match","cpp","10-13","Product compiler-generated VC4 /GX constructor cleanup funclet for the genuine Guide Book dialog state: destroys the PositionedBitmap member at owner offset 0xc8. Owner-relative anchoring is stable across fresh links; the mask covers only the complete generated direct-jump rel32 operand to the Product destructor."
"OtFreePositionedBitmapEhThunk_0040a062","Oregon32.exe","0x40a062","0xa062","0xe","","","??0GuideBookDialogState_00409e50_Product@@QAE@XZ+0x13f","","src_otwin_trail_construct_guide_book_dialog_state.obj","match","cpp","10-13","Product compiler-generated VC4 /GX constructor cleanup funclet for the genuine Guide Book dialog state: destroys the PositionedBitmap member at owner offset 0xa0. Owner-relative anchoring is stable across fresh links; the mask covers only the complete generated direct-jump rel32 operand to the Product destructor."
"OtFreePositionedBitmapEhThunk_0040bc09","Oregon32.exe","0x40bc09","0xbc09","0xe","","","??0IntroDialogState_0040bb30_Product@@QAE@XZ+0x83","","src_otwin_graphics_construct_dialog_bitmap_owner_states.obj","match","cpp","10-13","Product compiler-generated VC4 /GX cleanup funclet for the genuine Intro dialog state and its PositionedBitmap member at owner offset 0xc8. Owner-relative locator is stable; mask covers only the generated destructor tail-jump rel32 operand."
"OtFreePositionedBitmapEhThunk_0040bc17","Oregon32.exe","0x40bc17","0xbc17","0xe","","","??0IntroDialogState_0040bb30_Product@@QAE@XZ+0x91","","src_otwin_graphics_construct_dialog_bitmap_owner_states.obj","match","cpp","10-13","Product compiler-generated VC4 /GX cleanup funclet for the genuine Intro dialog state and its PositionedBitmap member at owner offset 0xa0. Owner-relative locator is stable; mask covers only the generated destructor tail-jump rel32 operand."
"OtFreePositionedBitmapEhThunk_0040d6ad","Oregon32.exe","0x40d6ad","0xd6ad","0xe","","","??0TradeOfferDialogState_0040d580_Product@@QAE@XZ+0xa1","","src_otwin_trade_construct_store_dialog_states.obj","match","cpp","10-13","Product VC4 /GX cleanup for the genuine Trade Offer dialog state; destroys the PositionedBitmap at owner offset 0x11c. The mask covers only the complete direct-jump rel32 operand."
"OtFreePositionedBitmapEhThunk_0040d6bb","Oregon32.exe","0x40d6bb","0xd6bb","0xe","","","??0TradeOfferDialogState_0040d580_Product@@QAE@XZ+0xaf","","src_otwin_trade_construct_store_dialog_states.obj","match","cpp","10-13","Product VC4 /GX cleanup for the genuine Trade Offer dialog state; destroys the PositionedBitmap at owner offset 0xf4. The mask covers only the complete direct-jump rel32 operand."
"OtFreePositionedBitmapEhThunk_0040d6c9","Oregon32.exe","0x40d6c9","0xd6c9","0xe","","","??0TradeOfferDialogState_0040d580_Product@@QAE@XZ+0xbd","","src_otwin_trade_construct_store_dialog_states.obj","match","cpp","10-13","Product VC4 /GX cleanup for the genuine Trade Offer dialog state; destroys the PositionedBitmap at owner offset 0xcc. The mask covers only the complete direct-jump rel32 operand."
"OtFreePositionedBitmapEhThunk_0040d6d7","Oregon32.exe","0x40d6d7","0xd6d7","0xe","","","??0TradeOfferDialogState_0040d580_Product@@QAE@XZ+0xcb","","src_otwin_trade_construct_store_dialog_states.obj","match","cpp","10-13","Product VC4 /GX cleanup for the genuine Trade Offer dialog state; destroys the PositionedBitmap at owner offset 0xa4. The mask covers only the complete direct-jump rel32 operand."
"OtFreePositionedBitmapEhThunk_00410ecf","Oregon32.exe","0x410ecf","0x10ecf","0xe","","","??0DeathDialogState_00410da0_Product@@QAE@XZ+0x92","","src_otwin_trail_construct_death_dialog_state.obj","match","cpp","10-13","Product VC4 /GX cleanup for the genuine Death dialog state; destroys the PositionedBitmap at owner offset 0xf0. The mask covers only the complete direct-jump rel32 operand."
"OtFreePositionedBitmapEhThunk_00410edd","Oregon32.exe","0x410edd","0x10edd","0xe","","","??0DeathDialogState_00410da0_Product@@QAE@XZ+0xa0","","src_otwin_trail_construct_death_dialog_state.obj","match","cpp","10-13","Product VC4 /GX cleanup for the genuine Death dialog state; destroys the PositionedBitmap at owner offset 0xc8. The mask covers only the complete direct-jump rel32 operand."
"OtFreePositionedBitmapEhThunk_00410eeb","Oregon32.exe","0x410eeb","0x10eeb","0xe","","","??0DeathDialogState_00410da0_Product@@QAE@XZ+0xae","","src_otwin_trail_construct_death_dialog_state.obj","match","cpp","10-13","Product VC4 /GX cleanup for the genuine Death dialog state; destroys the PositionedBitmap at owner offset 0xa0. The mask covers only the complete direct-jump rel32 operand."
"OtFreePositionedBitmapEhThunk_0041286f","Oregon32.exe","0x41286f","0x1286f","0xe","","","??1HuntRuntimeState_004122b0_Product@@QAE@XZ+0x13f","","src_otwin_hunt_destroy_hunt_dialog_state.obj","match","cpp","10-13","Product-reachable compiler-generated VC4 /GX cleanup funclet from the exact Product HuntRuntimeState destructor: destroys the positioned-bitmap member at owner offset 0x134 during unwinding. Parent-symbol-relative Product anchor is stable across repeated integrated VC4 builds; mask covers only the generated direct jmp rel32 to the member destructor."
"OtFreePositionedBitmapEhThunk_0041287d","Oregon32.exe","0x41287d","0x1287d","0xe","","","??1HuntRuntimeState_004122b0_Product@@QAE@XZ+0x14d","","src_otwin_hunt_destroy_hunt_dialog_state.obj","match","cpp","10-13","Product-reachable compiler-generated VC4 /GX cleanup funclet from the exact Product HuntRuntimeState destructor: destroys the positioned-bitmap member at owner offset 0x10c during unwinding. Parent-symbol-relative Product anchor is stable across repeated integrated VC4 builds; mask covers only the generated direct jmp rel32 to the member destructor."
"OtFreePositionedBitmapEhThunk_0041288b","Oregon32.exe","0x41288b","0x1288b","0xe","","","??1HuntRuntimeState_004122b0_Product@@QAE@XZ+0x15b","","src_otwin_hunt_destroy_hunt_dialog_state.obj","match","cpp","10-13","Product-reachable compiler-generated VC4 /GX cleanup funclet from the exact Product HuntRuntimeState destructor: destroys the positioned-bitmap member at owner offset 0xe4 during unwinding. Parent-symbol-relative Product anchor is stable across repeated integrated VC4 builds; mask covers only the generated direct jmp rel32 to the member destructor."
"OtFreePositionedBitmapEhThunk_004128a3","Oregon32.exe","0x4128a3","0x128a3","0xe","","","??1HuntRuntimeState_004122b0_Product@@QAE@XZ+0x173","","src_otwin_hunt_destroy_hunt_dialog_state.obj","match","cpp","10-13","Product-reachable compiler-generated VC4 /GX cleanup funclet from the exact Product HuntRuntimeState destructor: destroys the positioned-bitmap member at owner offset 0xbc during unwinding. Parent-symbol-relative Product anchor is stable across repeated integrated VC4 builds; mask covers only the generated direct jmp rel32 to the member destructor."
"OtFreePositionedBitmapEhThunk_00415817","Oregon32.exe","0x415817","0x15817","0xe","","","_OtInitWelcomeDialog_00415d30_RealCpp+0x1be","","src_otwin_app_init_welcome_dialog.obj","match","cpp","10-13","Product-reachable compiler-generated VC4 /GX cleanup funclet from the exact Product welcome-dialog initializer's implicit WelcomeDialogBitmapState construction: destroys the positioned-bitmap member at owner offset 0x140 during unwinding. Parent-symbol-relative Product anchor is stable across repeated integrated VC4 builds; mask covers only the generated direct jmp rel32 to the member destructor."
"OtFreePositionedBitmapEhThunk_00415825","Oregon32.exe","0x415825","0x15825","0xe","","","_OtInitWelcomeDialog_00415d30_RealCpp+0x1cc","","src_otwin_app_init_welcome_dialog.obj","match","cpp","10-13","Product-reachable compiler-generated VC4 /GX cleanup funclet from the exact Product welcome-dialog initializer's implicit WelcomeDialogBitmapState construction: destroys the positioned-bitmap member at owner offset 0x118 during unwinding. Parent-symbol-relative Product anchor is stable across repeated integrated VC4 builds; mask covers only the generated direct jmp rel32 to the member destructor."
"OtFreePositionedBitmapEhThunk_00415833","Oregon32.exe","0x415833","0x15833","0xe","","","_OtInitWelcomeDialog_00415d30_RealCpp+0x1da","","src_otwin_app_init_welcome_dialog.obj","match","cpp","10-13","Product-reachable compiler-generated VC4 /GX cleanup funclet from the exact Product welcome-dialog initializer's implicit WelcomeDialogBitmapState construction: destroys the positioned-bitmap member at owner offset 0xf0 during unwinding. Parent-symbol-relative Product anchor is stable across repeated integrated VC4 builds; mask covers only the generated direct jmp rel32 to the member destructor."
"OtFreePositionedBitmapEhThunk_00415841","Oregon32.exe","0x415841","0x15841","0xe","","","_OtInitWelcomeDialog_00415d30_RealCpp+0x1e8","","src_otwin_app_init_welcome_dialog.obj","match","cpp","10-13","Product-reachable compiler-generated VC4 /GX cleanup funclet from the exact Product welcome-dialog initializer's implicit WelcomeDialogBitmapState construction: destroys the positioned-bitmap member at owner offset 0xc8 during unwinding. Parent-symbol-relative Product anchor is stable across repeated integrated VC4 builds; mask covers only the generated direct jmp rel32 to the member destructor."
"OtFreePositionedBitmapEhThunk_0041584f","Oregon32.exe","0x41584f","0x1584f","0xe","","","_OtInitWelcomeDialog_00415d30_RealCpp+0x1f6","","src_otwin_app_init_welcome_dialog.obj","match","cpp","10-13","Product-reachable compiler-generated VC4 /GX cleanup funclet from the exact Product welcome-dialog initializer's implicit WelcomeDialogBitmapState construction: destroys the positioned-bitmap member at owner offset 0xa0 during unwinding. Parent-symbol-relative Product anchor is stable across repeated integrated VC4 builds; mask covers only the generated direct jmp rel32 to the member destructor."
"OtFreePositionedBitmapEhThunk_00415868","Oregon32.exe","0x415868","0x15868","0xb","","","_OtInitWelcomeDialog_00415d30_RealCpp+0x20f","","src_otwin_app_init_welcome_dialog.obj","match","cpp","7-10","Product-reachable compiler-generated VC4 /GX cleanup funclet from the exact Product welcome-dialog initializer's implicit WelcomeDialogBitmapState construction: destroys the positioned-bitmap member at owner offset 0x50 during unwinding. Parent-symbol-relative Product anchor is stable across repeated integrated VC4 builds; mask covers only the generated direct jmp rel32 to the member destructor."
"OtFreePositionedBitmapEhThunk_00415873","Oregon32.exe","0x415873","0x15873","0xb","","","_OtInitWelcomeDialog_00415d30_RealCpp+0x21a","","src_otwin_app_init_welcome_dialog.obj","match","cpp","7-10","Product-reachable compiler-generated VC4 /GX cleanup funclet from the exact Product welcome-dialog initializer's implicit WelcomeDialogBitmapState construction: destroys the positioned-bitmap member at owner offset 0x28 during unwinding. Parent-symbol-relative Product anchor is stable across repeated integrated VC4 builds; mask covers only the generated direct jmp rel32 to the member destructor."
"OtFreePositionedBitmapEhThunk_0041b0aa","Oregon32.exe","0x41b0aa","0x1b0aa","0xb","","","??0AboutDialogState_0041afa0_Product@@QAE@XZ+0x4d","","src_otwin_graphics_construct_dialog_bitmap_owner_states.obj","match","cpp","7-10","Product compiler-generated VC4 /GX cleanup funclet for the genuine About dialog state and its PositionedBitmap member at owner offset 0x28. Owner-relative locator is stable; mask covers only the generated destructor tail-jump rel32 operand."
"OtFreePositionedBitmapEhThunk_0041bc5e","Oregon32.exe","0x41bc5e","0x1bc5e","0xe","","","_OtInitTitleDialog_0041c410_RealCpp+0xa7","","src_otwin_app_init_title_dialog.obj","match","cpp","10-13","Product-reachable compiler-generated VC4 /GX cleanup funclet from the exact Product title-dialog initializer's implicit TitleDialogState construction: destroys the positioned-bitmap member at owner offset 0xc8 during unwinding. Parent-symbol-relative Product anchor is stable across repeated integrated VC4 builds; mask covers only the generated direct jmp rel32 to the member destructor."
"OtFreePositionedBitmapEhThunk_0041bc6c","Oregon32.exe","0x41bc6c","0x1bc6c","0xe","","","_OtInitTitleDialog_0041c410_RealCpp+0xb5","","src_otwin_app_init_title_dialog.obj","match","cpp","10-13","Product-reachable compiler-generated VC4 /GX cleanup funclet from the exact Product title-dialog initializer's implicit TitleDialogState construction: destroys the positioned-bitmap member at owner offset 0xa0 during unwinding. Parent-symbol-relative Product anchor is stable across repeated integrated VC4 builds; mask covers only the generated direct jmp rel32 to the member destructor."
"OtFreePositionedBitmapEhThunk_0041bc7a","Oregon32.exe","0x41bc7a","0x1bc7a","0xb","","","_OtInitTitleDialog_0041c410_RealCpp+0xc3","","src_otwin_app_init_title_dialog.obj","match","cpp","7-10","Product-reachable compiler-generated VC4 /GX cleanup funclet from the exact Product title-dialog initializer's implicit TitleDialogState construction: destroys the positioned-bitmap member at owner offset 0x78 during unwinding. Parent-symbol-relative Product anchor is stable across repeated integrated VC4 builds; mask covers only the generated direct jmp rel32 to the member destructor."
"OtFreePositionedBitmapEhThunk_0041bc85","Oregon32.exe","0x41bc85","0x1bc85","0xb","","","_OtInitTitleDialog_0041c410_RealCpp+0xce","","src_otwin_app_init_title_dialog.obj","match","cpp","7-10","Product-reachable compiler-generated VC4 /GX cleanup funclet from the exact Product title-dialog initializer's implicit TitleDialogState construction: destroys the positioned-bitmap member at owner offset 0x50 during unwinding. Parent-symbol-relative Product anchor is stable across repeated integrated VC4 builds; mask covers only the generated direct jmp rel32 to the member destructor."
"OtFreePositionedBitmapEhThunk_0041bc90","Oregon32.exe","0x41bc90","0x1bc90","0xb","","","_OtInitTitleDialog_0041c410_RealCpp+0xd9","","src_otwin_app_init_title_dialog.obj","match","cpp","7-10","Product-reachable compiler-generated VC4 /GX cleanup funclet from the exact Product title-dialog initializer's implicit TitleDialogState construction: destroys the positioned-bitmap member at owner offset 0x28 during unwinding. Parent-symbol-relative Product anchor is stable across repeated integrated VC4 builds; mask covers only the generated direct jmp rel32 to the member destructor."
"OtFreePositionedBitmapEhThunk_0041ca89","Oregon32.exe","0x41ca89","0x1ca89","0xb","","","_OtTrailDivideDialogProc_0041c980_ProductWip@16+0x109","","src_otwin_trail_trail_divide_dialog_runtime.obj","match","cpp","7-10","Product-reachable compiler-generated VC4 /GX cleanup funclet from the genuine Trail Divide dialog state: destroys the PositionedBitmap member at owner offset 0x7c during constructor unwinding. The owner-relative object-qualified anchor is stable; the mask covers only the complete generated direct-jump rel32 operand to the Product destructor."
"OtFreePositionedBitmapEhThunk_0041ca94","Oregon32.exe","0x41ca94","0x1ca94","0xb","","","_OtTrailDivideDialogProc_0041c980_ProductWip@16+0x114","","src_otwin_trail_trail_divide_dialog_runtime.obj","match","cpp","7-10","Product-reachable compiler-generated VC4 /GX cleanup funclet from the genuine Trail Divide dialog state: destroys the PositionedBitmap member at owner offset 0x54 during constructor unwinding. The owner-relative object-qualified anchor is stable; the mask covers only the complete generated direct-jump rel32 operand to the Product destructor."
"OtFreePositionedBitmapEhThunk_0041ca9f","Oregon32.exe","0x41ca9f","0x1ca9f","0xb","","","_OtTrailDivideDialogProc_0041c980_ProductWip@16+0x11f","","src_otwin_trail_trail_divide_dialog_runtime.obj","match","cpp","7-10","Product-reachable compiler-generated VC4 /GX cleanup funclet from the genuine Trail Divide dialog state: destroys the PositionedBitmap member at owner offset 0x2c during constructor unwinding. The owner-relative object-qualified anchor is stable; the mask covers only the complete generated direct-jump rel32 operand to the Product destructor."
"OtFreePositionedBitmapEhThunk_0041caaa","Oregon32.exe","0x41caaa","0x1caaa","0xb","","","_OtTrailDivideDialogProc_0041c980_ProductWip@16+0x12a","","src_otwin_trail_trail_divide_dialog_runtime.obj","match","cpp","7-10","Product-reachable compiler-generated VC4 /GX cleanup funclet from the genuine Trail Divide dialog state: destroys the PositionedBitmap member at owner offset 0x4 during constructor unwinding. The owner-relative object-qualified anchor is stable; the mask covers only the complete generated direct-jump rel32 operand to the Product destructor."
"OtFreePositionedBitmapEhThunk_0041d154","Oregon32.exe","0x41d154","0x1d154","0xb","","","??0StatusDialogState_0041d040_Product@@QAE@XZ+0x4d","","src_otwin_graphics_construct_dialog_bitmap_owner_states.obj","match","cpp","7-10","Product compiler-generated VC4 /GX cleanup funclet for the genuine Status dialog state and its PositionedBitmap member at owner offset 0x28. Owner-relative locator is stable; mask covers only the generated destructor tail-jump rel32 operand."
"OtFreePositionedBitmapEhThunk_0041e4c8","Oregon32.exe","0x41e4c8","0x1e4c8","0xb","","","??0RestDialogState_0041e370_Product@@QAE@XZ+0x65","","src_otwin_trail_construct_rest_dialog_state.obj","match","cpp","7-10","Product compiler-generated VC4 /GX constructor cleanup funclet for the genuine Rest dialog state: destroys the PositionedBitmap member at owner offset 0x78. Owner-relative anchoring is stable across fresh links; the mask covers only the complete generated direct-jump rel32 operand to the Product destructor."
"OtFreePositionedBitmapEhThunk_0041e4d3","Oregon32.exe","0x41e4d3","0x1e4d3","0xb","","","??0RestDialogState_0041e370_Product@@QAE@XZ+0x70","","src_otwin_trail_construct_rest_dialog_state.obj","match","cpp","7-10","Product compiler-generated VC4 /GX constructor cleanup funclet for the genuine Rest dialog state: destroys the PositionedBitmap member at owner offset 0x50. Owner-relative anchoring is stable across fresh links; the mask covers only the complete generated direct-jump rel32 operand to the Product destructor."
"OtFreePositionedBitmapEhThunk_0041e4de","Oregon32.exe","0x41e4de","0x1e4de","0xb","","","??0RestDialogState_0041e370_Product@@QAE@XZ+0x7b","","src_otwin_trail_construct_rest_dialog_state.obj","match","cpp","7-10","Product compiler-generated VC4 /GX constructor cleanup funclet for the genuine Rest dialog state: destroys the PositionedBitmap member at owner offset 0x28. Owner-relative anchoring is stable across fresh links; the mask covers only the complete generated direct-jump rel32 operand to the Product destructor."
"OtFreePositionedBitmapEhThunk_0041ebf1","Oregon32.exe","0x41ebf1","0x1ebf1","0xb","","","??0DropSuppliesDialogState_0041ead0_Product@@QAE@XZ+0x65","","src_otwin_graphics_construct_dialog_bitmap_owner_states.obj","match","cpp","7-10","Product compiler-generated VC4 /GX cleanup funclet for the genuine Drop Supplies dialog state and its PositionedBitmap member at owner offset 0x78. Owner-relative locator is stable; mask covers only the generated destructor tail-jump rel32 operand."
"OtFreePositionedBitmapEhThunk_0041ebfc","Oregon32.exe","0x41ebfc","0x1ebfc","0xb","","","??0DropSuppliesDialogState_0041ead0_Product@@QAE@XZ+0x70","","src_otwin_graphics_construct_dialog_bitmap_owner_states.obj","match","cpp","7-10","Product compiler-generated VC4 /GX cleanup funclet for the genuine Drop Supplies dialog state and its PositionedBitmap member at owner offset 0x50. Owner-relative locator is stable; mask covers only the generated destructor tail-jump rel32 operand."
"OtFreePositionedBitmapEhThunk_0041ec07","Oregon32.exe","0x41ec07","0x1ec07","0xb","","","??0DropSuppliesDialogState_0041ead0_Product@@QAE@XZ+0x7b","","src_otwin_graphics_construct_dialog_bitmap_owner_states.obj","match","cpp","7-10","Product compiler-generated VC4 /GX cleanup funclet for the genuine Drop Supplies dialog state and its PositionedBitmap member at owner offset 0x28. Owner-relative locator is stable; mask covers only the generated destructor tail-jump rel32 operand."
"OtFreePositionedBitmapEhThunk_0041fe6b","Oregon32.exe","0x41fe6b","0x1fe6b","0xe","","","??0ChangeRationsDialogState_0041fd20_Product@@QAE@XZ+0xa4","","src_otwin_trail_construct_change_rations_dialog_state.obj","match","cpp","10-13","Product compiler-generated VC4 /GX constructor cleanup funclet for the genuine Change Rations dialog state: destroys the PositionedBitmap member at owner offset 0x11c. Owner-relative anchoring is stable across fresh links; the mask covers only the complete generated direct-jump rel32 operand to the Product destructor."
"OtFreePositionedBitmapEhThunk_0041fe79","Oregon32.exe","0x41fe79","0x1fe79","0xe","","","??0ChangeRationsDialogState_0041fd20_Product@@QAE@XZ+0xb2","","src_otwin_trail_construct_change_rations_dialog_state.obj","match","cpp","10-13","Product compiler-generated VC4 /GX constructor cleanup funclet for the genuine Change Rations dialog state: destroys the PositionedBitmap member at owner offset 0xf4. Owner-relative anchoring is stable across fresh links; the mask covers only the complete generated direct-jump rel32 operand to the Product destructor."
"OtFreePositionedBitmapEhThunk_0041fe87","Oregon32.exe","0x41fe87","0x1fe87","0xe","","","??0ChangeRationsDialogState_0041fd20_Product@@QAE@XZ+0xc0","","src_otwin_trail_construct_change_rations_dialog_state.obj","match","cpp","10-13","Product compiler-generated VC4 /GX constructor cleanup funclet for the genuine Change Rations dialog state: destroys the PositionedBitmap member at owner offset 0xcc. Owner-relative anchoring is stable across fresh links; the mask covers only the complete generated direct-jump rel32 operand to the Product destructor."
"OtFreePositionedBitmapEhThunk_0041fe95","Oregon32.exe","0x41fe95","0x1fe95","0xe","","","??0ChangeRationsDialogState_0041fd20_Product@@QAE@XZ+0xce","","src_otwin_trail_construct_change_rations_dialog_state.obj","match","cpp","10-13","Product compiler-generated VC4 /GX constructor cleanup funclet for the genuine Change Rations dialog state: destroys the PositionedBitmap member at owner offset 0xa4. Owner-relative anchoring is stable across fresh links; the mask covers only the complete generated direct-jump rel32 operand to the Product destructor."
"OtFreePositionedBitmapEhThunk_0041fea3","Oregon32.exe","0x41fea3","0x1fea3","0xb","","","??0ChangeRationsDialogState_0041fd20_Product@@QAE@XZ+0xdc","","src_otwin_trail_construct_change_rations_dialog_state.obj","match","cpp","7-10","Product compiler-generated VC4 /GX constructor cleanup funclet for the genuine Change Rations dialog state: destroys the PositionedBitmap member at owner offset 0x7c. Owner-relative anchoring is stable across fresh links; the mask covers only the complete generated direct-jump rel32 operand to the Product destructor."
"OtFreePositionedBitmapEhThunk_0041feae","Oregon32.exe","0x41feae","0x1feae","0xb","","","??0ChangeRationsDialogState_0041fd20_Product@@QAE@XZ+0xe7","","src_otwin_trail_construct_change_rations_dialog_state.obj","match","cpp","7-10","Product compiler-generated VC4 /GX constructor cleanup funclet for the genuine Change Rations dialog state: destroys the PositionedBitmap member at owner offset 0x54. Owner-relative anchoring is stable across fresh links; the mask covers only the complete generated direct-jump rel32 operand to the Product destructor."
"OtFreePositionedBitmapEhThunk_0041feb9","Oregon32.exe","0x41feb9","0x1feb9","0xb","","","??0ChangeRationsDialogState_0041fd20_Product@@QAE@XZ+0xf2","","src_otwin_trail_construct_change_rations_dialog_state.obj","match","cpp","7-10","Product compiler-generated VC4 /GX constructor cleanup funclet for the genuine Change Rations dialog state: destroys the PositionedBitmap member at owner offset 0x2c. Owner-relative anchoring is stable across fresh links; the mask covers only the complete generated direct-jump rel32 operand to the Product destructor."
"OtFreePositionedBitmapEhThunk_0041fec4","Oregon32.exe","0x41fec4","0x1fec4","0xb","","","??0ChangeRationsDialogState_0041fd20_Product@@QAE@XZ+0x107","","src_otwin_trail_construct_change_rations_dialog_state.obj","match","cpp","7-10","Product compiler-generated VC4 /GX constructor cleanup funclet for the genuine Change Rations dialog state: destroys the PositionedBitmap member at owner offset 0x4. Owner-relative anchoring is stable across fresh links; the mask covers only the complete generated direct-jump rel32 operand to the Product destructor."
"OtFreePositionedBitmapEhThunk_004207eb","Oregon32.exe","0x4207eb","0x207eb","0xe","","","??0ChangePaceDialogState_004206a0_Product@@QAE@XZ+0xa4","","src_otwin_trail_construct_change_pace_dialog_state.obj","match","cpp","10-13","Product compiler-generated VC4 /GX constructor cleanup funclet for the genuine Change Pace dialog state: destroys the PositionedBitmap member at owner offset 0x11c. Owner-relative anchoring is stable across fresh links; the mask covers only the complete generated direct-jump rel32 operand to the Product destructor."
"OtFreePositionedBitmapEhThunk_004207f9","Oregon32.exe","0x4207f9","0x207f9","0xe","","","??0ChangePaceDialogState_004206a0_Product@@QAE@XZ+0xb2","","src_otwin_trail_construct_change_pace_dialog_state.obj","match","cpp","10-13","Product compiler-generated VC4 /GX constructor cleanup funclet for the genuine Change Pace dialog state: destroys the PositionedBitmap member at owner offset 0xf4. Owner-relative anchoring is stable across fresh links; the mask covers only the complete generated direct-jump rel32 operand to the Product destructor."
"OtFreePositionedBitmapEhThunk_00420807","Oregon32.exe","0x420807","0x20807","0xe","","","??0ChangePaceDialogState_004206a0_Product@@QAE@XZ+0xc0","","src_otwin_trail_construct_change_pace_dialog_state.obj","match","cpp","10-13","Product compiler-generated VC4 /GX constructor cleanup funclet for the genuine Change Pace dialog state: destroys the PositionedBitmap member at owner offset 0xcc. Owner-relative anchoring is stable across fresh links; the mask covers only the complete generated direct-jump rel32 operand to the Product destructor."
"OtFreePositionedBitmapEhThunk_00420815","Oregon32.exe","0x420815","0x20815","0xe","","","??0ChangePaceDialogState_004206a0_Product@@QAE@XZ+0xce","","src_otwin_trail_construct_change_pace_dialog_state.obj","match","cpp","10-13","Product compiler-generated VC4 /GX constructor cleanup funclet for the genuine Change Pace dialog state: destroys the PositionedBitmap member at owner offset 0xa4. Owner-relative anchoring is stable across fresh links; the mask covers only the complete generated direct-jump rel32 operand to the Product destructor."
"OtFreePositionedBitmapEhThunk_00420823","Oregon32.exe","0x420823","0x20823","0xb","","","??0ChangePaceDialogState_004206a0_Product@@QAE@XZ+0xdc","","src_otwin_trail_construct_change_pace_dialog_state.obj","match","cpp","7-10","Product compiler-generated VC4 /GX constructor cleanup funclet for the genuine Change Pace dialog state: destroys the PositionedBitmap member at owner offset 0x7c. Owner-relative anchoring is stable across fresh links; the mask covers only the complete generated direct-jump rel32 operand to the Product destructor."
"OtFreePositionedBitmapEhThunk_0042082e","Oregon32.exe","0x42082e","0x2082e","0xb","","","??0ChangePaceDialogState_004206a0_Product@@QAE@XZ+0xe7","","src_otwin_trail_construct_change_pace_dialog_state.obj","match","cpp","7-10","Product compiler-generated VC4 /GX constructor cleanup funclet for the genuine Change Pace dialog state: destroys the PositionedBitmap member at owner offset 0x54. Owner-relative anchoring is stable across fresh links; the mask covers only the complete generated direct-jump rel32 operand to the Product destructor."
"OtFreePositionedBitmapEhThunk_00420839","Oregon32.exe","0x420839","0x20839","0xb","","","??0ChangePaceDialogState_004206a0_Product@@QAE@XZ+0xf2","","src_otwin_trail_construct_change_pace_dialog_state.obj","match","cpp","7-10","Product compiler-generated VC4 /GX constructor cleanup funclet for the genuine Change Pace dialog state: destroys the PositionedBitmap member at owner offset 0x2c. Owner-relative anchoring is stable across fresh links; the mask covers only the complete generated direct-jump rel32 operand to the Product destructor."
"OtFreePositionedBitmapEhThunk_00420844","Oregon32.exe","0x420844","0x20844","0xb","","","??0ChangePaceDialogState_004206a0_Product@@QAE@XZ+0x107","","src_otwin_trail_construct_change_pace_dialog_state.obj","match","cpp","7-10","Product compiler-generated VC4 /GX constructor cleanup funclet for the genuine Change Pace dialog state: destroys the PositionedBitmap member at owner offset 0x4. Owner-relative anchoring is stable across fresh links; the mask covers only the complete generated direct-jump rel32 operand to the Product destructor."
"OtFreePositionedBitmapEhThunk_00421168","Oregon32.exe","0x421168","0x21168","0xe","","","??0TalkDialogState_00421020_Product@@QAE@XZ+0xa1","","src_otwin_trail_construct_talk_dialog_state.obj","match","cpp","10-13","Product compiler-generated VC4 /GX constructor cleanup funclet for the genuine Talk dialog state: destroys the PositionedBitmap member at owner offset 0x118. Owner-relative anchoring is stable across fresh links; the mask covers only the complete generated direct-jump rel32 operand to the Product destructor."
"OtFreePositionedBitmapEhThunk_00421176","Oregon32.exe","0x421176","0x21176","0xe","","","??0TalkDialogState_00421020_Product@@QAE@XZ+0xaf","","src_otwin_trail_construct_talk_dialog_state.obj","match","cpp","10-13","Product compiler-generated VC4 /GX constructor cleanup funclet for the genuine Talk dialog state: destroys the PositionedBitmap member at owner offset 0xf0. Owner-relative anchoring is stable across fresh links; the mask covers only the complete generated direct-jump rel32 operand to the Product destructor."
"OtFreePositionedBitmapEhThunk_00421184","Oregon32.exe","0x421184","0x21184","0xe","","","??0TalkDialogState_00421020_Product@@QAE@XZ+0xbd","","src_otwin_trail_construct_talk_dialog_state.obj","match","cpp","10-13","Product compiler-generated VC4 /GX constructor cleanup funclet for the genuine Talk dialog state: destroys the PositionedBitmap member at owner offset 0xc8. Owner-relative anchoring is stable across fresh links; the mask covers only the complete generated direct-jump rel32 operand to the Product destructor."
"OtFreePositionedBitmapEhThunk_00421192","Oregon32.exe","0x421192","0x21192","0xe","","","??0TalkDialogState_00421020_Product@@QAE@XZ+0xcb","","src_otwin_trail_construct_talk_dialog_state.obj","match","cpp","10-13","Product compiler-generated VC4 /GX constructor cleanup funclet for the genuine Talk dialog state: destroys the PositionedBitmap member at owner offset 0xa0. Owner-relative anchoring is stable across fresh links; the mask covers only the complete generated direct-jump rel32 operand to the Product destructor."
"OtFreePositionedBitmapEhThunk_004211a0","Oregon32.exe","0x4211a0","0x211a0","0xb","","","??0TalkDialogState_00421020_Product@@QAE@XZ+0xd9","","src_otwin_trail_construct_talk_dialog_state.obj","match","cpp","7-10","Product compiler-generated VC4 /GX constructor cleanup funclet for the genuine Talk dialog state: destroys the PositionedBitmap member at owner offset 0x78. Owner-relative anchoring is stable across fresh links; the mask covers only the complete generated direct-jump rel32 operand to the Product destructor."
"OtFreePositionedBitmapEhThunk_004211ab","Oregon32.exe","0x4211ab","0x211ab","0xb","","","??0TalkDialogState_00421020_Product@@QAE@XZ+0xe4","","src_otwin_trail_construct_talk_dialog_state.obj","match","cpp","7-10","Product compiler-generated VC4 /GX constructor cleanup funclet for the genuine Talk dialog state: destroys the PositionedBitmap member at owner offset 0x50. Owner-relative anchoring is stable across fresh links; the mask covers only the complete generated direct-jump rel32 operand to the Product destructor."
"OtFreePositionedBitmapEhThunk_004211b6","Oregon32.exe","0x4211b6","0x211b6","0xb","","","??0TalkDialogState_00421020_Product@@QAE@XZ+0xef","","src_otwin_trail_construct_talk_dialog_state.obj","match","cpp","7-10","Product compiler-generated VC4 /GX constructor cleanup funclet for the genuine Talk dialog state: destroys the PositionedBitmap member at owner offset 0x28. Owner-relative anchoring is stable across fresh links; the mask covers only the complete generated direct-jump rel32 operand to the Product destructor."
"OtFreePositionedBitmapEhThunk_00421bb8","Oregon32.exe","0x421bb8","0x21bb8","0xe","","","_OtInitTrailEventDialog_00422120_RealCpp+0x360","","src_otwin_trail_init_trail_event_dialog.obj","match","cpp","10-13","Product-reachable compiler-generated VC4 /GX cleanup funclet from the exact Product trail-event initializer's implicit TrailEventDialogBitmapState construction: destroys the positioned-bitmap member at owner offset 0x140 during unwinding. Parent-symbol-relative Product anchor is stable across repeated integrated VC4 builds; mask covers only the generated direct jmp rel32 to the member destructor."
"OtFreePositionedBitmapEhThunk_00421bc6","Oregon32.exe","0x421bc6","0x21bc6","0xe","","","_OtInitTrailEventDialog_00422120_RealCpp+0x36e","","src_otwin_trail_init_trail_event_dialog.obj","match","cpp","10-13","Product-reachable compiler-generated VC4 /GX cleanup funclet from the exact Product trail-event initializer's implicit TrailEventDialogBitmapState construction: destroys the positioned-bitmap member at owner offset 0x118 during unwinding. Parent-symbol-relative Product anchor is stable across repeated integrated VC4 builds; mask covers only the generated direct jmp rel32 to the member destructor."
"OtFreePositionedBitmapEhThunk_00421bd4","Oregon32.exe","0x421bd4","0x21bd4","0xe","","","_OtInitTrailEventDialog_00422120_RealCpp+0x37c","","src_otwin_trail_init_trail_event_dialog.obj","match","cpp","10-13","Product-reachable compiler-generated VC4 /GX cleanup funclet from the exact Product trail-event initializer's implicit TrailEventDialogBitmapState construction: destroys the positioned-bitmap member at owner offset 0xf0 during unwinding. Parent-symbol-relative Product anchor is stable across repeated integrated VC4 builds; mask covers only the generated direct jmp rel32 to the member destructor."
"OtFreePositionedBitmapEhThunk_00421be2","Oregon32.exe","0x421be2","0x21be2","0xe","","","_OtInitTrailEventDialog_00422120_RealCpp+0x38a","","src_otwin_trail_init_trail_event_dialog.obj","match","cpp","10-13","Product-reachable compiler-generated VC4 /GX cleanup funclet from the exact Product trail-event initializer's implicit TrailEventDialogBitmapState construction: destroys the positioned-bitmap member at owner offset 0xc8 during unwinding. Parent-symbol-relative Product anchor is stable across repeated integrated VC4 builds; mask covers only the generated direct jmp rel32 to the member destructor."
"OtFreePositionedBitmapEhThunk_00421bf0","Oregon32.exe","0x421bf0","0x21bf0","0xe","","","_OtInitTrailEventDialog_00422120_RealCpp+0x398","","src_otwin_trail_init_trail_event_dialog.obj","match","cpp","10-13","Product-reachable compiler-generated VC4 /GX cleanup funclet from the exact Product trail-event initializer's implicit TrailEventDialogBitmapState construction: destroys the positioned-bitmap member at owner offset 0xa0 during unwinding. Parent-symbol-relative Product anchor is stable across repeated integrated VC4 builds; mask covers only the generated direct jmp rel32 to the member destructor."
"OtFreePositionedBitmapEhThunk_00421bfe","Oregon32.exe","0x421bfe","0x21bfe","0xb","","","_OtInitTrailEventDialog_00422120_RealCpp+0x3a6","","src_otwin_trail_init_trail_event_dialog.obj","match","cpp","7-10","Product-reachable compiler-generated VC4 /GX cleanup funclet from the exact Product trail-event initializer's implicit TrailEventDialogBitmapState construction: destroys the positioned-bitmap member at owner offset 0x78 during unwinding. Parent-symbol-relative Product anchor is stable across repeated integrated VC4 builds; mask covers only the generated direct jmp rel32 to the member destructor."
"OtFreePositionedBitmapEhThunk_00421c09","Oregon32.exe","0x421c09","0x21c09","0xb","","","_OtInitTrailEventDialog_00422120_RealCpp+0x3b1","","src_otwin_trail_init_trail_event_dialog.obj","match","cpp","7-10","Product-reachable compiler-generated VC4 /GX cleanup funclet from the exact Product trail-event initializer's implicit TrailEventDialogBitmapState construction: destroys the positioned-bitmap member at owner offset 0x50 during unwinding. Parent-symbol-relative Product anchor is stable across repeated integrated VC4 builds; mask covers only the generated direct jmp rel32 to the member destructor."
"OtFreePositionedBitmapEhThunk_00421c14","Oregon32.exe","0x421c14","0x21c14","0xb","","","_OtInitTrailEventDialog_00422120_RealCpp+0x3bc","","src_otwin_trail_init_trail_event_dialog.obj","match","cpp","7-10","Product-reachable compiler-generated VC4 /GX cleanup funclet from the exact Product trail-event initializer's implicit TrailEventDialogBitmapState construction: destroys the positioned-bitmap member at owner offset 0x28 during unwinding. Parent-symbol-relative Product anchor is stable across repeated integrated VC4 builds; mask covers only the generated direct jmp rel32 to the member destructor."
"OtFreePositionedBitmapEhThunk_00422b47","Oregon32.exe","0x422b47","0x22b47","0xe","","","??0RiverCrossingChoiceDialogState_004229e0_Product@@QAE@XZ+0xfe","","src_otwin_river_construct_river_crossing_choice_dialog_state.obj","match","cpp","10-13","Product compiler-generated VC4 /GX constructor cleanup funclet for the genuine River Crossing Choice dialog state: destroys the PositionedBitmap member at owner offset 0x20c. Owner-relative anchoring is stable across fresh links; the mask covers only the complete generated direct-jump rel32 operand to the Product destructor."
"OtFreePositionedBitmapEhThunk_00422b55","Oregon32.exe","0x422b55","0x22b55","0xe","","","??0RiverCrossingChoiceDialogState_004229e0_Product@@QAE@XZ+0x10c","","src_otwin_river_construct_river_crossing_choice_dialog_state.obj","match","cpp","10-13","Product compiler-generated VC4 /GX constructor cleanup funclet for the genuine River Crossing Choice dialog state: destroys the PositionedBitmap member at owner offset 0x1e4. Owner-relative anchoring is stable across fresh links; the mask covers only the complete generated direct-jump rel32 operand to the Product destructor."
"OtFreePositionedBitmapEhThunk_00422b63","Oregon32.exe","0x422b63","0x22b63","0xe","","","??0RiverCrossingChoiceDialogState_004229e0_Product@@QAE@XZ+0x11a","","src_otwin_river_construct_river_crossing_choice_dialog_state.obj","match","cpp","10-13","Product compiler-generated VC4 /GX constructor cleanup funclet for the genuine River Crossing Choice dialog state: destroys the PositionedBitmap member at owner offset 0x1bc. Owner-relative anchoring is stable across fresh links; the mask covers only the complete generated direct-jump rel32 operand to the Product destructor."
"OtFreePositionedBitmapEhThunk_00422b71","Oregon32.exe","0x422b71","0x22b71","0xe","","","??0RiverCrossingChoiceDialogState_004229e0_Product@@QAE@XZ+0x128","","src_otwin_river_construct_river_crossing_choice_dialog_state.obj","match","cpp","10-13","Product compiler-generated VC4 /GX constructor cleanup funclet for the genuine River Crossing Choice dialog state: destroys the PositionedBitmap member at owner offset 0x194. Owner-relative anchoring is stable across fresh links; the mask covers only the complete generated direct-jump rel32 operand to the Product destructor."
"OtFreePositionedBitmapEhThunk_00422b7f","Oregon32.exe","0x422b7f","0x22b7f","0xe","","","??0RiverCrossingChoiceDialogState_004229e0_Product@@QAE@XZ+0x136","","src_otwin_river_construct_river_crossing_choice_dialog_state.obj","match","cpp","10-13","Product compiler-generated VC4 /GX constructor cleanup funclet for the genuine River Crossing Choice dialog state: destroys the PositionedBitmap member at owner offset 0x16c. Owner-relative anchoring is stable across fresh links; the mask covers only the complete generated direct-jump rel32 operand to the Product destructor."
"OtFreePositionedBitmapEhThunk_00422b8d","Oregon32.exe","0x422b8d","0x22b8d","0xe","","","??0RiverCrossingChoiceDialogState_004229e0_Product@@QAE@XZ+0x144","","src_otwin_river_construct_river_crossing_choice_dialog_state.obj","match","cpp","10-13","Product compiler-generated VC4 /GX constructor cleanup funclet for the genuine River Crossing Choice dialog state: destroys the PositionedBitmap member at owner offset 0x144. Owner-relative anchoring is stable across fresh links; the mask covers only the complete generated direct-jump rel32 operand to the Product destructor."
"OtFreePositionedBitmapEhThunk_00422b9b","Oregon32.exe","0x422b9b","0x22b9b","0xe","","","??0RiverCrossingChoiceDialogState_004229e0_Product@@QAE@XZ+0x152","","src_otwin_river_construct_river_crossing_choice_dialog_state.obj","match","cpp","10-13","Product compiler-generated VC4 /GX constructor cleanup funclet for the genuine River Crossing Choice dialog state: destroys the PositionedBitmap member at owner offset 0x11c. Owner-relative anchoring is stable across fresh links; the mask covers only the complete generated direct-jump rel32 operand to the Product destructor."
"OtFreePositionedBitmapEhThunk_00422ba9","Oregon32.exe","0x422ba9","0x22ba9","0xe","","","??0RiverCrossingChoiceDialogState_004229e0_Product@@QAE@XZ+0x160","","src_otwin_river_construct_river_crossing_choice_dialog_state.obj","match","cpp","10-13","Product compiler-generated VC4 /GX constructor cleanup funclet for the genuine River Crossing Choice dialog state: destroys the PositionedBitmap member at owner offset 0xf4. Owner-relative anchoring is stable across fresh links; the mask covers only the complete generated direct-jump rel32 operand to the Product destructor."
"OtFreePositionedBitmapEhThunk_00422bb7","Oregon32.exe","0x422bb7","0x22bb7","0xe","","","??0RiverCrossingChoiceDialogState_004229e0_Product@@QAE@XZ+0x16e","","src_otwin_river_construct_river_crossing_choice_dialog_state.obj","match","cpp","10-13","Product compiler-generated VC4 /GX constructor cleanup funclet for the genuine River Crossing Choice dialog state: destroys the PositionedBitmap member at owner offset 0xcc. Owner-relative anchoring is stable across fresh links; the mask covers only the complete generated direct-jump rel32 operand to the Product destructor."
"OtFreePositionedBitmapEhThunk_00422bc5","Oregon32.exe","0x422bc5","0x22bc5","0xe","","","??0RiverCrossingChoiceDialogState_004229e0_Product@@QAE@XZ+0x17c","","src_otwin_river_construct_river_crossing_choice_dialog_state.obj","match","cpp","10-13","Product compiler-generated VC4 /GX constructor cleanup funclet for the genuine River Crossing Choice dialog state: destroys the PositionedBitmap member at owner offset 0xa4. Owner-relative anchoring is stable across fresh links; the mask covers only the complete generated direct-jump rel32 operand to the Product destructor."
"OtFreePositionedBitmapEhThunk_00422bd3","Oregon32.exe","0x422bd3","0x22bd3","0xb","","","??0RiverCrossingChoiceDialogState_004229e0_Product@@QAE@XZ+0x18a","","src_otwin_river_construct_river_crossing_choice_dialog_state.obj","match","cpp","7-10","Product compiler-generated VC4 /GX constructor cleanup funclet for the genuine River Crossing Choice dialog state: destroys the PositionedBitmap member at owner offset 0x7c. Owner-relative anchoring is stable across fresh links; the mask covers only the complete generated direct-jump rel32 operand to the Product destructor."
"OtFreePositionedBitmapEhThunk_00422bde","Oregon32.exe","0x422bde","0x22bde","0xb","","","??0RiverCrossingChoiceDialogState_004229e0_Product@@QAE@XZ+0x195","","src_otwin_river_construct_river_crossing_choice_dialog_state.obj","match","cpp","7-10","Product compiler-generated VC4 /GX constructor cleanup funclet for the genuine River Crossing Choice dialog state: destroys the PositionedBitmap member at owner offset 0x54. Owner-relative anchoring is stable across fresh links; the mask covers only the complete generated direct-jump rel32 operand to the Product destructor."
"OtFreePositionedBitmapEhThunk_00422be9","Oregon32.exe","0x422be9","0x22be9","0xb","","","??0RiverCrossingChoiceDialogState_004229e0_Product@@QAE@XZ+0x1a0","","src_otwin_river_construct_river_crossing_choice_dialog_state.obj","match","cpp","7-10","Product compiler-generated VC4 /GX constructor cleanup funclet for the genuine River Crossing Choice dialog state: destroys the PositionedBitmap member at owner offset 0x2c. Owner-relative anchoring is stable across fresh links; the mask covers only the complete generated direct-jump rel32 operand to the Product destructor."
"OtFreePositionedBitmapEhThunk_00422bf4","Oregon32.exe","0x422bf4","0x22bf4","0xb","","","??0RiverCrossingChoiceDialogState_004229e0_Product@@QAE@XZ+0x1b5","","src_otwin_river_construct_river_crossing_choice_dialog_state.obj","match","cpp","7-10","Product compiler-generated VC4 /GX constructor cleanup funclet for the genuine River Crossing Choice dialog state: destroys the PositionedBitmap member at owner offset 0x4. Owner-relative anchoring is stable across fresh links; the mask covers only the complete generated direct-jump rel32 operand to the Product destructor."
"OtFreePositionedBitmapEhThunk_00423971","Oregon32.exe","0x423971","0x23971","0xb","","","??0RiverCrossingHelpDialogState_00423880_Product@@QAE@XZ+0x4d","","src_otwin_graphics_construct_dialog_bitmap_owner_states.obj","match","cpp","7-10","Product compiler-generated VC4 /GX cleanup funclet for the genuine River Crossing Help dialog state and its PositionedBitmap member at owner offset 0x28. Owner-relative locator is stable; mask covers only the generated destructor tail-jump rel32 operand."
"OtFreePositionedBitmapEhThunk_00423f30","Oregon32.exe","0x423f30","0x23f30","0xe","","","??0StartDateDialogState_00423da0_Product@@QAE@XZ+0x146","","src_otwin_trail_construct_start_date_dialog_state.obj","match","cpp","10-13","Product compiler-generated VC4 /GX constructor cleanup funclet for the genuine Start Date dialog state: destroys the PositionedBitmap member at owner offset 0x2d0. Owner-relative anchoring is stable across fresh links; the mask covers only the complete generated direct-jump rel32 operand to the Product destructor."
"OtFreePositionedBitmapEhThunk_00423f3e","Oregon32.exe","0x423f3e","0x23f3e","0xe","","","??0StartDateDialogState_00423da0_Product@@QAE@XZ+0x154","","src_otwin_trail_construct_start_date_dialog_state.obj","match","cpp","10-13","Product compiler-generated VC4 /GX constructor cleanup funclet for the genuine Start Date dialog state: destroys the PositionedBitmap member at owner offset 0x2a8. Owner-relative anchoring is stable across fresh links; the mask covers only the complete generated direct-jump rel32 operand to the Product destructor."
"OtFreePositionedBitmapEhThunk_00423f4c","Oregon32.exe","0x423f4c","0x23f4c","0xe","","","??0StartDateDialogState_00423da0_Product@@QAE@XZ+0x162","","src_otwin_trail_construct_start_date_dialog_state.obj","match","cpp","10-13","Product compiler-generated VC4 /GX constructor cleanup funclet for the genuine Start Date dialog state: destroys the PositionedBitmap member at owner offset 0x280. Owner-relative anchoring is stable across fresh links; the mask covers only the complete generated direct-jump rel32 operand to the Product destructor."
"OtFreePositionedBitmapEhThunk_00423f5a","Oregon32.exe","0x423f5a","0x23f5a","0xe","","","??0StartDateDialogState_00423da0_Product@@QAE@XZ+0x170","","src_otwin_trail_construct_start_date_dialog_state.obj","match","cpp","10-13","Product compiler-generated VC4 /GX constructor cleanup funclet for the genuine Start Date dialog state: destroys the PositionedBitmap member at owner offset 0x258. Owner-relative anchoring is stable across fresh links; the mask covers only the complete generated direct-jump rel32 operand to the Product destructor."
"OtFreePositionedBitmapEhThunk_00423f68","Oregon32.exe","0x423f68","0x23f68","0xe","","","??0StartDateDialogState_00423da0_Product@@QAE@XZ+0x17e","","src_otwin_trail_construct_start_date_dialog_state.obj","match","cpp","10-13","Product compiler-generated VC4 /GX constructor cleanup funclet for the genuine Start Date dialog state: destroys the PositionedBitmap member at owner offset 0x230. Owner-relative anchoring is stable across fresh links; the mask covers only the complete generated direct-jump rel32 operand to the Product destructor."
"OtFreePositionedBitmapEhThunk_00423f76","Oregon32.exe","0x423f76","0x23f76","0xe","","","??0StartDateDialogState_00423da0_Product@@QAE@XZ+0x18c","","src_otwin_trail_construct_start_date_dialog_state.obj","match","cpp","10-13","Product compiler-generated VC4 /GX constructor cleanup funclet for the genuine Start Date dialog state: destroys the PositionedBitmap member at owner offset 0x208. Owner-relative anchoring is stable across fresh links; the mask covers only the complete generated direct-jump rel32 operand to the Product destructor."
"OtFreePositionedBitmapEhThunk_00423f84","Oregon32.exe","0x423f84","0x23f84","0xe","","","??0StartDateDialogState_00423da0_Product@@QAE@XZ+0x19a","","src_otwin_trail_construct_start_date_dialog_state.obj","match","cpp","10-13","Product compiler-generated VC4 /GX constructor cleanup funclet for the genuine Start Date dialog state: destroys the PositionedBitmap member at owner offset 0x1e0. Owner-relative anchoring is stable across fresh links; the mask covers only the complete generated direct-jump rel32 operand to the Product destructor."
"OtFreePositionedBitmapEhThunk_00423f92","Oregon32.exe","0x423f92","0x23f92","0xe","","","??0StartDateDialogState_00423da0_Product@@QAE@XZ+0x1a8","","src_otwin_trail_construct_start_date_dialog_state.obj","match","cpp","10-13","Product compiler-generated VC4 /GX constructor cleanup funclet for the genuine Start Date dialog state: destroys the PositionedBitmap member at owner offset 0x1b8. Owner-relative anchoring is stable across fresh links; the mask covers only the complete generated direct-jump rel32 operand to the Product destructor."
"OtFreePositionedBitmapEhThunk_00423fa0","Oregon32.exe","0x423fa0","0x23fa0","0xe","","","??0StartDateDialogState_00423da0_Product@@QAE@XZ+0x1b6","","src_otwin_trail_construct_start_date_dialog_state.obj","match","cpp","10-13","Product compiler-generated VC4 /GX constructor cleanup funclet for the genuine Start Date dialog state: destroys the PositionedBitmap member at owner offset 0x190. Owner-relative anchoring is stable across fresh links; the mask covers only the complete generated direct-jump rel32 operand to the Product destructor."
"OtFreePositionedBitmapEhThunk_00423fae","Oregon32.exe","0x423fae","0x23fae","0xe","","","??0StartDateDialogState_00423da0_Product@@QAE@XZ+0x1c4","","src_otwin_trail_construct_start_date_dialog_state.obj","match","cpp","10-13","Product compiler-generated VC4 /GX constructor cleanup funclet for the genuine Start Date dialog state: destroys the PositionedBitmap member at owner offset 0x168. Owner-relative anchoring is stable across fresh links; the mask covers only the complete generated direct-jump rel32 operand to the Product destructor."
"OtFreePositionedBitmapEhThunk_00423fbc","Oregon32.exe","0x423fbc","0x23fbc","0xe","","","??0StartDateDialogState_00423da0_Product@@QAE@XZ+0x1d2","","src_otwin_trail_construct_start_date_dialog_state.obj","match","cpp","10-13","Product compiler-generated VC4 /GX constructor cleanup funclet for the genuine Start Date dialog state: destroys the PositionedBitmap member at owner offset 0x140. Owner-relative anchoring is stable across fresh links; the mask covers only the complete generated direct-jump rel32 operand to the Product destructor."
"OtFreePositionedBitmapEhThunk_00423fca","Oregon32.exe","0x423fca","0x23fca","0xe","","","??0StartDateDialogState_00423da0_Product@@QAE@XZ+0x1e0","","src_otwin_trail_construct_start_date_dialog_state.obj","match","cpp","10-13","Product compiler-generated VC4 /GX constructor cleanup funclet for the genuine Start Date dialog state: destroys the PositionedBitmap member at owner offset 0x118. Owner-relative anchoring is stable across fresh links; the mask covers only the complete generated direct-jump rel32 operand to the Product destructor."
"OtFreePositionedBitmapEhThunk_00423fd8","Oregon32.exe","0x423fd8","0x23fd8","0xe","","","??0StartDateDialogState_00423da0_Product@@QAE@XZ+0x1ee","","src_otwin_trail_construct_start_date_dialog_state.obj","match","cpp","10-13","Product compiler-generated VC4 /GX constructor cleanup funclet for the genuine Start Date dialog state: destroys the PositionedBitmap member at owner offset 0xf0. Owner-relative anchoring is stable across fresh links; the mask covers only the complete generated direct-jump rel32 operand to the Product destructor."
"OtFreePositionedBitmapEhThunk_00423fe6","Oregon32.exe","0x423fe6","0x23fe6","0xe","","","??0StartDateDialogState_00423da0_Product@@QAE@XZ+0x1fc","","src_otwin_trail_construct_start_date_dialog_state.obj","match","cpp","10-13","Product compiler-generated VC4 /GX constructor cleanup funclet for the genuine Start Date dialog state: destroys the PositionedBitmap member at owner offset 0xc8. Owner-relative anchoring is stable across fresh links; the mask covers only the complete generated direct-jump rel32 operand to the Product destructor."
"OtFreePositionedBitmapEhThunk_00423ff4","Oregon32.exe","0x423ff4","0x23ff4","0xe","","","??0StartDateDialogState_00423da0_Product@@QAE@XZ+0x20a","","src_otwin_trail_construct_start_date_dialog_state.obj","match","cpp","10-13","Product compiler-generated VC4 /GX constructor cleanup funclet for the genuine Start Date dialog state: destroys the PositionedBitmap member at owner offset 0xa0. Owner-relative anchoring is stable across fresh links; the mask covers only the complete generated direct-jump rel32 operand to the Product destructor."
"OtFreePositionedBitmapEhThunk_00424002","Oregon32.exe","0x424002","0x24002","0xb","","","??0StartDateDialogState_00423da0_Product@@QAE@XZ+0x218","","src_otwin_trail_construct_start_date_dialog_state.obj","match","cpp","7-10","Product compiler-generated VC4 /GX constructor cleanup funclet for the genuine Start Date dialog state: destroys the PositionedBitmap member at owner offset 0x78. Owner-relative anchoring is stable across fresh links; the mask covers only the complete generated direct-jump rel32 operand to the Product destructor."
"OtFreePositionedBitmapEhThunk_0042400d","Oregon32.exe","0x42400d","0x2400d","0xb","","","??0StartDateDialogState_00423da0_Product@@QAE@XZ+0x223","","src_otwin_trail_construct_start_date_dialog_state.obj","match","cpp","7-10","Product compiler-generated VC4 /GX constructor cleanup funclet for the genuine Start Date dialog state: destroys the PositionedBitmap member at owner offset 0x50. Owner-relative anchoring is stable across fresh links; the mask covers only the complete generated direct-jump rel32 operand to the Product destructor."
"OtFreePositionedBitmapEhThunk_00424018","Oregon32.exe","0x424018","0x24018","0xb","","","??0StartDateDialogState_00423da0_Product@@QAE@XZ+0x22e","","src_otwin_trail_construct_start_date_dialog_state.obj","match","cpp","7-10","Product compiler-generated VC4 /GX constructor cleanup funclet for the genuine Start Date dialog state: destroys the PositionedBitmap member at owner offset 0x28. Owner-relative anchoring is stable across fresh links; the mask covers only the complete generated direct-jump rel32 operand to the Product destructor."
"OtFreePositionedBitmapEhThunk_00425038","Oregon32.exe","0x425038","0x25038","0xb","","","_OtWillametteValleySummaryDialogProc_00424f50_ProductWip@16+0xe8","","src_otwin_trail_willamette_valley_summary_dialog_runtime.obj","match","cpp","7-10","Product-reachable compiler-generated VC4 /GX cleanup funclet from the genuine Willamette Valley Summary callback's natural three-member state destruction: destroys the PositionedBitmap member at owner offset 0x50. Parent-symbol-relative Product anchoring is stable; the mask covers only the generated destructor tail-jump rel32 operand."
"OtFreePositionedBitmapEhThunk_00425043","Oregon32.exe","0x425043","0x25043","0xb","","","_OtWillametteValleySummaryDialogProc_00424f50_ProductWip@16+0xf3","","src_otwin_trail_willamette_valley_summary_dialog_runtime.obj","match","cpp","7-10","Product-reachable compiler-generated VC4 /GX cleanup funclet from the genuine Willamette Valley Summary callback's natural three-member state destruction: destroys the PositionedBitmap member at owner offset 0x28. Parent-symbol-relative Product anchoring is stable; the mask covers only the generated destructor tail-jump rel32 operand."
"OtFreePositionedBitmapEhThunk_00429062","Oregon32.exe","0x429062","0x29062","0xe","","","_OtInitWhoAmIDialog_00429650_RealCpp+0x265","","src_otwin_app_init_who_am_i_dialog.obj","match","cpp","10-13","Product-reachable compiler-generated VC4 /GX cleanup funclet from the exact Product Who Am I initializer's implicit bitmap-state construction: destroys the positioned-bitmap member at owner offset 0xf0 during unwinding. Parent-symbol-relative Product anchor is stable across repeated integrated VC4 builds; mask covers only the generated direct jmp rel32 to the member destructor."
"OtFreePositionedBitmapEhThunk_00429070","Oregon32.exe","0x429070","0x29070","0xe","","","_OtInitWhoAmIDialog_00429650_RealCpp+0x273","","src_otwin_app_init_who_am_i_dialog.obj","match","cpp","10-13","Product-reachable compiler-generated VC4 /GX cleanup funclet from the exact Product Who Am I initializer's implicit bitmap-state construction: destroys the positioned-bitmap member at owner offset 0xc8 during unwinding. Parent-symbol-relative Product anchor is stable across repeated integrated VC4 builds; mask covers only the generated direct jmp rel32 to the member destructor."
"OtFreePositionedBitmapEhThunk_0042907e","Oregon32.exe","0x42907e","0x2907e","0xe","","","_OtInitWhoAmIDialog_00429650_RealCpp+0x281","","src_otwin_app_init_who_am_i_dialog.obj","match","cpp","10-13","Product-reachable compiler-generated VC4 /GX cleanup funclet from the exact Product Who Am I initializer's implicit bitmap-state construction: destroys the positioned-bitmap member at owner offset 0xa0 during unwinding. Parent-symbol-relative Product anchor is stable across repeated integrated VC4 builds; mask covers only the generated direct jmp rel32 to the member destructor."
"OtFreePositionedBitmapEhThunk_0042908c","Oregon32.exe","0x42908c","0x2908c","0xb","","","_OtInitWhoAmIDialog_00429650_RealCpp+0x28f","","src_otwin_app_init_who_am_i_dialog.obj","match","cpp","7-10","Product-reachable compiler-generated VC4 /GX cleanup funclet from the exact Product Who Am I initializer's implicit bitmap-state construction: destroys the positioned-bitmap member at owner offset 0x78 during unwinding. Parent-symbol-relative Product anchor is stable across repeated integrated VC4 builds; mask covers only the generated direct jmp rel32 to the member destructor."
"OtFreePositionedBitmapEhThunk_00429097","Oregon32.exe","0x429097","0x29097","0xb","","","_OtInitWhoAmIDialog_00429650_RealCpp+0x29a","","src_otwin_app_init_who_am_i_dialog.obj","match","cpp","7-10","Product-reachable compiler-generated VC4 /GX cleanup funclet from the exact Product Who Am I initializer's implicit bitmap-state construction: destroys the positioned-bitmap member at owner offset 0x50 during unwinding. Parent-symbol-relative Product anchor is stable across repeated integrated VC4 builds; mask covers only the generated direct jmp rel32 to the member destructor."
"OtFreePositionedBitmapEhThunk_004290a2","Oregon32.exe","0x4290a2","0x290a2","0xb","","","_OtInitWhoAmIDialog_00429650_RealCpp+0x2a5","","src_otwin_app_init_who_am_i_dialog.obj","match","cpp","7-10","Product-reachable compiler-generated VC4 /GX cleanup funclet from the exact Product Who Am I initializer's implicit bitmap-state construction: destroys the positioned-bitmap member at owner offset 0x28 during unwinding. Parent-symbol-relative Product anchor is stable across repeated integrated VC4 builds; mask covers only the generated direct jmp rel32 to the member destructor."
"OtFreePositionedBitmapEhThunk_00429d35","Oregon32.exe","0x429d35","0x29d35","0xb","","","_OtFreePositionedBitmapEhThunk_00429d35_Wip","","","wip","cpp","","WIP pure VC4 C++ cleanup-funclet placeholder. The previous raw candidate RVA landed inside a naked _emit scaffold and was invalidly credited as C++; keep this row unmasked until semantic /GX source reproduces the original thunk."
"OtFreePositionedBitmapEhThunk_0042e325","Oregon32.exe","0x42e325","0x2e325","0xe","","","??0TrailGameDialogState_0042efa0_Product@@QAE@XZ+0x346","","src_otwin_trail_construct_trail_game_dialog_state.obj","match","cpp","10-13","Product compiler-generated VC4 /GX constructor cleanup funclet for the genuine TrailGame dialog state: destroys the PositionedBitmap member at owner offset 0x9e0. Owner-relative anchoring is stable across fresh links; the mask covers only the complete generated direct-jump rel32 operand to the Product destructor."
"OtFreePositionedBitmapEhThunk_0042e333","Oregon32.exe","0x42e333","0x2e333","0xe","","","??0TrailGameDialogState_0042efa0_Product@@QAE@XZ+0x354","","src_otwin_trail_construct_trail_game_dialog_state.obj","match","cpp","10-13","Product compiler-generated VC4 /GX constructor cleanup funclet for the genuine TrailGame dialog state: destroys the PositionedBitmap member at owner offset 0x980. Owner-relative anchoring is stable across fresh links; the mask covers only the complete generated direct-jump rel32 operand to the Product destructor."
"OtFreePositionedBitmapEhThunk_0042e359","Oregon32.exe","0x42e359","0x2e359","0xe","","","??0TrailGameDialogState_0042efa0_Product@@QAE@XZ+0x37a","","src_otwin_trail_construct_trail_game_dialog_state.obj","match","cpp","10-13","Product compiler-generated VC4 /GX constructor cleanup funclet for the genuine TrailGame dialog state: destroys the PositionedBitmap member at owner offset 0x760. Owner-relative anchoring is stable across fresh links; the mask covers only the complete generated direct-jump rel32 operand to the Product destructor."
"OtFreePositionedBitmapEhThunk_0042e367","Oregon32.exe","0x42e367","0x2e367","0xe","","","??0TrailGameDialogState_0042efa0_Product@@QAE@XZ+0x388","","src_otwin_trail_construct_trail_game_dialog_state.obj","match","cpp","10-13","Product compiler-generated VC4 /GX constructor cleanup funclet for the genuine TrailGame dialog state: destroys the PositionedBitmap member at owner offset 0x738. Owner-relative anchoring is stable across fresh links; the mask covers only the complete generated direct-jump rel32 operand to the Product destructor."
"OtFreePositionedBitmapEhThunk_0042e375","Oregon32.exe","0x42e375","0x2e375","0xe","","","??0TrailGameDialogState_0042efa0_Product@@QAE@XZ+0x396","","src_otwin_trail_construct_trail_game_dialog_state.obj","match","cpp","10-13","Product compiler-generated VC4 /GX constructor cleanup funclet for the genuine TrailGame dialog state: destroys the PositionedBitmap member at owner offset 0x710. Owner-relative anchoring is stable across fresh links; the mask covers only the complete generated direct-jump rel32 operand to the Product destructor."
"OtFreePositionedBitmapEhThunk_0042e383","Oregon32.exe","0x42e383","0x2e383","0xe","","","??0TrailGameDialogState_0042efa0_Product@@QAE@XZ+0x3a4","","src_otwin_trail_construct_trail_game_dialog_state.obj","match","cpp","10-13","Product compiler-generated VC4 /GX constructor cleanup funclet for the genuine TrailGame dialog state: destroys the PositionedBitmap member at owner offset 0x6e8. Owner-relative anchoring is stable across fresh links; the mask covers only the complete generated direct-jump rel32 operand to the Product destructor."
"OtFreePositionedBitmapEhThunk_0042e391","Oregon32.exe","0x42e391","0x2e391","0xe","","","??0TrailGameDialogState_0042efa0_Product@@QAE@XZ+0x3b2","","src_otwin_trail_construct_trail_game_dialog_state.obj","match","cpp","10-13","Product compiler-generated VC4 /GX constructor cleanup funclet for the genuine TrailGame dialog state: destroys the PositionedBitmap member at owner offset 0x6c0. Owner-relative anchoring is stable across fresh links; the mask covers only the complete generated direct-jump rel32 operand to the Product destructor."
"OtFreePositionedBitmapEhThunk_0042e39f","Oregon32.exe","0x42e39f","0x2e39f","0xe","","","??0TrailGameDialogState_0042efa0_Product@@QAE@XZ+0x3c0","","src_otwin_trail_construct_trail_game_dialog_state.obj","match","cpp","10-13","Product compiler-generated VC4 /GX constructor cleanup funclet for the genuine TrailGame dialog state: destroys the PositionedBitmap member at owner offset 0x698. Owner-relative anchoring is stable across fresh links; the mask covers only the complete generated direct-jump rel32 operand to the Product destructor."
"OtFreePositionedBitmapEhThunk_0042e3ad","Oregon32.exe","0x42e3ad","0x2e3ad","0xe","","","??0TrailGameDialogState_0042efa0_Product@@QAE@XZ+0x3ce","","src_otwin_trail_construct_trail_game_dialog_state.obj","match","cpp","10-13","Product compiler-generated VC4 /GX constructor cleanup funclet for the genuine TrailGame dialog state: destroys the PositionedBitmap member at owner offset 0x670. Owner-relative anchoring is stable across fresh links; the mask covers only the complete generated direct-jump rel32 operand to the Product destructor."
"OtFreePositionedBitmapEhThunk_0042e3bb","Oregon32.exe","0x42e3bb","0x2e3bb","0xe","","","??0TrailGameDialogState_0042efa0_Product@@QAE@XZ+0x3dc","","src_otwin_trail_construct_trail_game_dialog_state.obj","match","cpp","10-13","Product compiler-generated VC4 /GX constructor cleanup funclet for the genuine TrailGame dialog state: destroys the PositionedBitmap member at owner offset 0x648. Owner-relative anchoring is stable across fresh links; the mask covers only the complete generated direct-jump rel32 operand to the Product destructor."
"OtFreePositionedBitmapEhThunk_0042e3c9","Oregon32.exe","0x42e3c9","0x2e3c9","0xe","","","??0TrailGameDialogState_0042efa0_Product@@QAE@XZ+0x3ea","","src_otwin_trail_construct_trail_game_dialog_state.obj","match","cpp","10-13","Product compiler-generated VC4 /GX constructor cleanup funclet for the genuine TrailGame dialog state: destroys the PositionedBitmap member at owner offset 0x620. Owner-relative anchoring is stable across fresh links; the mask covers only the complete generated direct-jump rel32 operand to the Product destructor."
"OtFreePositionedBitmapEhThunk_0042e3d7","Oregon32.exe","0x42e3d7","0x2e3d7","0xe","","","??0TrailGameDialogState_0042efa0_Product@@QAE@XZ+0x3f8","","src_otwin_trail_construct_trail_game_dialog_state.obj","match","cpp","10-13","Product compiler-generated VC4 /GX constructor cleanup funclet for the genuine TrailGame dialog state: destroys the PositionedBitmap member at owner offset 0x5f8. Owner-relative anchoring is stable across fresh links; the mask covers only the complete generated direct-jump rel32 operand to the Product destructor."
"OtFreePositionedBitmapEhThunk_0042e3e5","Oregon32.exe","0x42e3e5","0x2e3e5","0xe","","","??0TrailGameDialogState_0042efa0_Product@@QAE@XZ+0x406","","src_otwin_trail_construct_trail_game_dialog_state.obj","match","cpp","10-13","Product compiler-generated VC4 /GX constructor cleanup funclet for the genuine TrailGame dialog state: destroys the PositionedBitmap member at owner offset 0x5d0. Owner-relative anchoring is stable across fresh links; the mask covers only the complete generated direct-jump rel32 operand to the Product destructor."
"OtFreePositionedBitmapEhThunk_0042e3f3","Oregon32.exe","0x42e3f3","0x2e3f3","0xe","","","??0TrailGameDialogState_0042efa0_Product@@QAE@XZ+0x414","","src_otwin_trail_construct_trail_game_dialog_state.obj","match","cpp","10-13","Product compiler-generated VC4 /GX constructor cleanup funclet for the genuine TrailGame dialog state: destroys the PositionedBitmap member at owner offset 0x5a8. Owner-relative anchoring is stable across fresh links; the mask covers only the complete generated direct-jump rel32 operand to the Product destructor."
"OtFreePositionedBitmapEhThunk_0042e401","Oregon32.exe","0x42e401","0x2e401","0xe","","","??0TrailGameDialogState_0042efa0_Product@@QAE@XZ+0x422","","src_otwin_trail_construct_trail_game_dialog_state.obj","match","cpp","10-13","Product compiler-generated VC4 /GX constructor cleanup funclet for the genuine TrailGame dialog state: destroys the PositionedBitmap member at owner offset 0x580. Owner-relative anchoring is stable across fresh links; the mask covers only the complete generated direct-jump rel32 operand to the Product destructor."
"OtFreePositionedBitmapEhThunk_0042e40f","Oregon32.exe","0x42e40f","0x2e40f","0xe","","","??0TrailGameDialogState_0042efa0_Product@@QAE@XZ+0x430","","src_otwin_trail_construct_trail_game_dialog_state.obj","match","cpp","10-13","Product compiler-generated VC4 /GX constructor cleanup funclet for the genuine TrailGame dialog state: destroys the PositionedBitmap member at owner offset 0x558. Owner-relative anchoring is stable across fresh links; the mask covers only the complete generated direct-jump rel32 operand to the Product destructor."
"OtFreePositionedBitmapEhThunk_0042e41d","Oregon32.exe","0x42e41d","0x2e41d","0xe","","","??0TrailGameDialogState_0042efa0_Product@@QAE@XZ+0x43e","","src_otwin_trail_construct_trail_game_dialog_state.obj","match","cpp","10-13","Product compiler-generated VC4 /GX constructor cleanup funclet for the genuine TrailGame dialog state: destroys the PositionedBitmap member at owner offset 0x530. Owner-relative anchoring is stable across fresh links; the mask covers only the complete generated direct-jump rel32 operand to the Product destructor."
"OtFreePositionedBitmapEhThunk_0042e42b","Oregon32.exe","0x42e42b","0x2e42b","0xe","","","??0TrailGameDialogState_0042efa0_Product@@QAE@XZ+0x44c","","src_otwin_trail_construct_trail_game_dialog_state.obj","match","cpp","10-13","Product compiler-generated VC4 /GX constructor cleanup funclet for the genuine TrailGame dialog state: destroys the PositionedBitmap member at owner offset 0x508. Owner-relative anchoring is stable across fresh links; the mask covers only the complete generated direct-jump rel32 operand to the Product destructor."
"OtFreePositionedBitmapEhThunk_0042e439","Oregon32.exe","0x42e439","0x2e439","0xe","","","??0TrailGameDialogState_0042efa0_Product@@QAE@XZ+0x45a","","src_otwin_trail_construct_trail_game_dialog_state.obj","match","cpp","10-13","Product compiler-generated VC4 /GX constructor cleanup funclet for the genuine TrailGame dialog state: destroys the PositionedBitmap member at owner offset 0x4e0. Owner-relative anchoring is stable across fresh links; the mask covers only the complete generated direct-jump rel32 operand to the Product destructor."
"OtFreePositionedBitmapEhThunk_0042e447","Oregon32.exe","0x42e447","0x2e447","0xe","","","??0TrailGameDialogState_0042efa0_Product@@QAE@XZ+0x468","","src_otwin_trail_construct_trail_game_dialog_state.obj","match","cpp","10-13","Product compiler-generated VC4 /GX constructor cleanup funclet for the genuine TrailGame dialog state: destroys the PositionedBitmap member at owner offset 0x4b8. Owner-relative anchoring is stable across fresh links; the mask covers only the complete generated direct-jump rel32 operand to the Product destructor."
"OtFreePositionedBitmapEhThunk_0042e455","Oregon32.exe","0x42e455","0x2e455","0xe","","","??0TrailGameDialogState_0042efa0_Product@@QAE@XZ+0x476","","src_otwin_trail_construct_trail_game_dialog_state.obj","match","cpp","10-13","Product compiler-generated VC4 /GX constructor cleanup funclet for the genuine TrailGame dialog state: destroys the PositionedBitmap member at owner offset 0x490. Owner-relative anchoring is stable across fresh links; the mask covers only the complete generated direct-jump rel32 operand to the Product destructor."
"OtFreePositionedBitmapEhThunk_0042e463","Oregon32.exe","0x42e463","0x2e463","0xe","","","??0TrailGameDialogState_0042efa0_Product@@QAE@XZ+0x484","","src_otwin_trail_construct_trail_game_dialog_state.obj","match","cpp","10-13","Product compiler-generated VC4 /GX constructor cleanup funclet for the genuine TrailGame dialog state: destroys the PositionedBitmap member at owner offset 0x468. Owner-relative anchoring is stable across fresh links; the mask covers only the complete generated direct-jump rel32 operand to the Product destructor."
"OtFreePositionedBitmapEhThunk_0042e471","Oregon32.exe","0x42e471","0x2e471","0xe","","","??0TrailGameDialogState_0042efa0_Product@@QAE@XZ+0x492","","src_otwin_trail_construct_trail_game_dialog_state.obj","match","cpp","10-13","Product compiler-generated VC4 /GX constructor cleanup funclet for the genuine TrailGame dialog state: destroys the PositionedBitmap member at owner offset 0x440. Owner-relative anchoring is stable across fresh links; the mask covers only the complete generated direct-jump rel32 operand to the Product destructor."
"OtFreePositionedBitmapEhThunk_0042e47f","Oregon32.exe","0x42e47f","0x2e47f","0xe","","","??0TrailGameDialogState_0042efa0_Product@@QAE@XZ+0x4a0","","src_otwin_trail_construct_trail_game_dialog_state.obj","match","cpp","10-13","Product compiler-generated VC4 /GX constructor cleanup funclet for the genuine TrailGame dialog state: destroys the PositionedBitmap member at owner offset 0x418. Owner-relative anchoring is stable across fresh links; the mask covers only the complete generated direct-jump rel32 operand to the Product destructor."
"OtFreePositionedBitmapEhThunk_0042e48d","Oregon32.exe","0x42e48d","0x2e48d","0xe","","","??0TrailGameDialogState_0042efa0_Product@@QAE@XZ+0x4ae","","src_otwin_trail_construct_trail_game_dialog_state.obj","match","cpp","10-13","Product compiler-generated VC4 /GX constructor cleanup funclet for the genuine TrailGame dialog state: destroys the PositionedBitmap member at owner offset 0x3f0. Owner-relative anchoring is stable across fresh links; the mask covers only the complete generated direct-jump rel32 operand to the Product destructor."
"OtFreePositionedBitmapEhThunk_0042e49b","Oregon32.exe","0x42e49b","0x2e49b","0xe","","","??0TrailGameDialogState_0042efa0_Product@@QAE@XZ+0x4bc","","src_otwin_trail_construct_trail_game_dialog_state.obj","match","cpp","10-13","Product compiler-generated VC4 /GX constructor cleanup funclet for the genuine TrailGame dialog state: destroys the PositionedBitmap member at owner offset 0x3c8. Owner-relative anchoring is stable across fresh links; the mask covers only the complete generated direct-jump rel32 operand to the Product destructor."
"OtFreePositionedBitmapEhThunk_0042e4a9","Oregon32.exe","0x42e4a9","0x2e4a9","0xe","","","??0TrailGameDialogState_0042efa0_Product@@QAE@XZ+0x4ca","","src_otwin_trail_construct_trail_game_dialog_state.obj","match","cpp","10-13","Product compiler-generated VC4 /GX constructor cleanup funclet for the genuine TrailGame dialog state: destroys the PositionedBitmap member at owner offset 0x3a0. Owner-relative anchoring is stable across fresh links; the mask covers only the complete generated direct-jump rel32 operand to the Product destructor."
"OtFreePositionedBitmapEhThunk_0042e4b7","Oregon32.exe","0x42e4b7","0x2e4b7","0xe","","","??0TrailGameDialogState_0042efa0_Product@@QAE@XZ+0x4d8","","src_otwin_trail_construct_trail_game_dialog_state.obj","match","cpp","10-13","Product compiler-generated VC4 /GX constructor cleanup funclet for the genuine TrailGame dialog state: destroys the PositionedBitmap member at owner offset 0x378. Owner-relative anchoring is stable across fresh links; the mask covers only the complete generated direct-jump rel32 operand to the Product destructor."
"OtFreePositionedBitmapEhThunk_0042e4c5","Oregon32.exe","0x42e4c5","0x2e4c5","0xe","","","??0TrailGameDialogState_0042efa0_Product@@QAE@XZ+0x4e6","","src_otwin_trail_construct_trail_game_dialog_state.obj","match","cpp","10-13","Product compiler-generated VC4 /GX constructor cleanup funclet for the genuine TrailGame dialog state: destroys the PositionedBitmap member at owner offset 0x350. Owner-relative anchoring is stable across fresh links; the mask covers only the complete generated direct-jump rel32 operand to the Product destructor."
"OtFreePositionedBitmapEhThunk_0042e4d3","Oregon32.exe","0x42e4d3","0x2e4d3","0xe","","","??0TrailGameDialogState_0042efa0_Product@@QAE@XZ+0x4f4","","src_otwin_trail_construct_trail_game_dialog_state.obj","match","cpp","10-13","Product compiler-generated VC4 /GX constructor cleanup funclet for the genuine TrailGame dialog state: destroys the PositionedBitmap member at owner offset 0x328. Owner-relative anchoring is stable across fresh links; the mask covers only the complete generated direct-jump rel32 operand to the Product destructor."
"OtFreePositionedBitmapEhThunk_0042e4e1","Oregon32.exe","0x42e4e1","0x2e4e1","0xe","","","??0TrailGameDialogState_0042efa0_Product@@QAE@XZ+0x502","","src_otwin_trail_construct_trail_game_dialog_state.obj","match","cpp","10-13","Product compiler-generated VC4 /GX constructor cleanup funclet for the genuine TrailGame dialog state: destroys the PositionedBitmap member at owner offset 0x300. Owner-relative anchoring is stable across fresh links; the mask covers only the complete generated direct-jump rel32 operand to the Product destructor."
"OtFreePositionedBitmapEhThunk_0042e4ef","Oregon32.exe","0x42e4ef","0x2e4ef","0xe","","","??0TrailGameDialogState_0042efa0_Product@@QAE@XZ+0x510","","src_otwin_trail_construct_trail_game_dialog_state.obj","match","cpp","10-13","Product compiler-generated VC4 /GX constructor cleanup funclet for the genuine TrailGame dialog state: destroys the PositionedBitmap member at owner offset 0x2d8. Owner-relative anchoring is stable across fresh links; the mask covers only the complete generated direct-jump rel32 operand to the Product destructor."
"OtFreePositionedBitmapEhThunk_0042e4fd","Oregon32.exe","0x42e4fd","0x2e4fd","0xe","","","??0TrailGameDialogState_0042efa0_Product@@QAE@XZ+0x51e","","src_otwin_trail_construct_trail_game_dialog_state.obj","match","cpp","10-13","Product compiler-generated VC4 /GX constructor cleanup funclet for the genuine TrailGame dialog state: destroys the PositionedBitmap member at owner offset 0x2b0. Owner-relative anchoring is stable across fresh links; the mask covers only the complete generated direct-jump rel32 operand to the Product destructor."
"OtFreePositionedBitmapEhThunk_0042e50b","Oregon32.exe","0x42e50b","0x2e50b","0xe","","","??0TrailGameDialogState_0042efa0_Product@@QAE@XZ+0x52c","","src_otwin_trail_construct_trail_game_dialog_state.obj","match","cpp","10-13","Product compiler-generated VC4 /GX constructor cleanup funclet for the genuine TrailGame dialog state: destroys the PositionedBitmap member at owner offset 0x288. Owner-relative anchoring is stable across fresh links; the mask covers only the complete generated direct-jump rel32 operand to the Product destructor."
"OtFreePositionedBitmapEhThunk_0042e519","Oregon32.exe","0x42e519","0x2e519","0xe","","","??0TrailGameDialogState_0042efa0_Product@@QAE@XZ+0x53a","","src_otwin_trail_construct_trail_game_dialog_state.obj","match","cpp","10-13","Product compiler-generated VC4 /GX constructor cleanup funclet for the genuine TrailGame dialog state: destroys the PositionedBitmap member at owner offset 0x260. Owner-relative anchoring is stable across fresh links; the mask covers only the complete generated direct-jump rel32 operand to the Product destructor."
"OtFreePositionedBitmapEhThunk_0042e527","Oregon32.exe","0x42e527","0x2e527","0xe","","","??0TrailGameDialogState_0042efa0_Product@@QAE@XZ+0x548","","src_otwin_trail_construct_trail_game_dialog_state.obj","match","cpp","10-13","Product compiler-generated VC4 /GX constructor cleanup funclet for the genuine TrailGame dialog state: destroys the PositionedBitmap member at owner offset 0x238. Owner-relative anchoring is stable across fresh links; the mask covers only the complete generated direct-jump rel32 operand to the Product destructor."
"OtFreePositionedBitmapEhThunk_0042e535","Oregon32.exe","0x42e535","0x2e535","0xe","","","??0TrailGameDialogState_0042efa0_Product@@QAE@XZ+0x556","","src_otwin_trail_construct_trail_game_dialog_state.obj","match","cpp","10-13","Product compiler-generated VC4 /GX constructor cleanup funclet for the genuine TrailGame dialog state: destroys the PositionedBitmap member at owner offset 0x210. Owner-relative anchoring is stable across fresh links; the mask covers only the complete generated direct-jump rel32 operand to the Product destructor."
"OtFreePositionedBitmapEhThunk_0042e543","Oregon32.exe","0x42e543","0x2e543","0xe","","","??0TrailGameDialogState_0042efa0_Product@@QAE@XZ+0x564","","src_otwin_trail_construct_trail_game_dialog_state.obj","match","cpp","10-13","Product compiler-generated VC4 /GX constructor cleanup funclet for the genuine TrailGame dialog state: destroys the PositionedBitmap member at owner offset 0x1e8. Owner-relative anchoring is stable across fresh links; the mask covers only the complete generated direct-jump rel32 operand to the Product destructor."
"OtFreePositionedBitmapEhThunk_0042e551","Oregon32.exe","0x42e551","0x2e551","0xe","","","??0TrailGameDialogState_0042efa0_Product@@QAE@XZ+0x572","","src_otwin_trail_construct_trail_game_dialog_state.obj","match","cpp","10-13","Product compiler-generated VC4 /GX constructor cleanup funclet for the genuine TrailGame dialog state: destroys the PositionedBitmap member at owner offset 0x1c0. Owner-relative anchoring is stable across fresh links; the mask covers only the complete generated direct-jump rel32 operand to the Product destructor."
"OtFreePositionedBitmapEhThunk_0042e55f","Oregon32.exe","0x42e55f","0x2e55f","0xe","","","??0TrailGameDialogState_0042efa0_Product@@QAE@XZ+0x580","","src_otwin_trail_construct_trail_game_dialog_state.obj","match","cpp","10-13","Product compiler-generated VC4 /GX constructor cleanup funclet for the genuine TrailGame dialog state: destroys the PositionedBitmap member at owner offset 0x198. Owner-relative anchoring is stable across fresh links; the mask covers only the complete generated direct-jump rel32 operand to the Product destructor."
"OtFreePositionedBitmapEhThunk_0042e56d","Oregon32.exe","0x42e56d","0x2e56d","0xe","","","??0TrailGameDialogState_0042efa0_Product@@QAE@XZ+0x58e","","src_otwin_trail_construct_trail_game_dialog_state.obj","match","cpp","10-13","Product compiler-generated VC4 /GX constructor cleanup funclet for the genuine TrailGame dialog state: destroys the PositionedBitmap member at owner offset 0x170. Owner-relative anchoring is stable across fresh links; the mask covers only the complete generated direct-jump rel32 operand to the Product destructor."
"OtFreePositionedBitmapEhThunk_0042e57b","Oregon32.exe","0x42e57b","0x2e57b","0xe","","","??0TrailGameDialogState_0042efa0_Product@@QAE@XZ+0x59c","","src_otwin_trail_construct_trail_game_dialog_state.obj","match","cpp","10-13","Product compiler-generated VC4 /GX constructor cleanup funclet for the genuine TrailGame dialog state: destroys the PositionedBitmap member at owner offset 0x148. Owner-relative anchoring is stable across fresh links; the mask covers only the complete generated direct-jump rel32 operand to the Product destructor."
"OtFreePositionedBitmapEhThunk_0042e589","Oregon32.exe","0x42e589","0x2e589","0xe","","","??0TrailGameDialogState_0042efa0_Product@@QAE@XZ+0x5aa","","src_otwin_trail_construct_trail_game_dialog_state.obj","match","cpp","10-13","Product compiler-generated VC4 /GX constructor cleanup funclet for the genuine TrailGame dialog state: destroys the PositionedBitmap member at owner offset 0x120. Owner-relative anchoring is stable across fresh links; the mask covers only the complete generated direct-jump rel32 operand to the Product destructor."
"OtFreePositionedBitmapEhThunk_0042e597","Oregon32.exe","0x42e597","0x2e597","0xe","","","??0TrailGameDialogState_0042efa0_Product@@QAE@XZ+0x5b8","","src_otwin_trail_construct_trail_game_dialog_state.obj","match","cpp","10-13","Product compiler-generated VC4 /GX constructor cleanup funclet for the genuine TrailGame dialog state: destroys the PositionedBitmap member at owner offset 0xf8. Owner-relative anchoring is stable across fresh links; the mask covers only the complete generated direct-jump rel32 operand to the Product destructor."
"OtFreePositionedBitmapEhThunk_0042e5a5","Oregon32.exe","0x42e5a5","0x2e5a5","0xe","","","??0TrailGameDialogState_0042efa0_Product@@QAE@XZ+0x5c6","","src_otwin_trail_construct_trail_game_dialog_state.obj","match","cpp","10-13","Product compiler-generated VC4 /GX constructor cleanup funclet for the genuine TrailGame dialog state: destroys the PositionedBitmap member at owner offset 0xd0. Owner-relative anchoring is stable across fresh links; the mask covers only the complete generated direct-jump rel32 operand to the Product destructor."
"OtFreePositionedBitmapEhThunk_0042e5b3","Oregon32.exe","0x42e5b3","0x2e5b3","0xe","","","??0TrailGameDialogState_0042efa0_Product@@QAE@XZ+0x5d4","","src_otwin_trail_construct_trail_game_dialog_state.obj","match","cpp","10-13","Product compiler-generated VC4 /GX constructor cleanup funclet for the genuine TrailGame dialog state: destroys the PositionedBitmap member at owner offset 0xa8. Owner-relative anchoring is stable across fresh links; the mask covers only the complete generated direct-jump rel32 operand to the Product destructor."
"OtFreePositionedBitmapEhThunk_0042e5c1","Oregon32.exe","0x42e5c1","0x2e5c1","0xe","","","??0TrailGameDialogState_0042efa0_Product@@QAE@XZ+0x5e2","","src_otwin_trail_construct_trail_game_dialog_state.obj","match","cpp","10-13","Product compiler-generated VC4 /GX constructor cleanup funclet for the genuine TrailGame dialog state: destroys the PositionedBitmap member at owner offset 0x80. Owner-relative anchoring is stable across fresh links; the mask covers only the complete generated direct-jump rel32 operand to the Product destructor."
"OtFreePositionedBitmapEhThunk_0042e5cf","Oregon32.exe","0x42e5cf","0x2e5cf","0xb","","","??0TrailGameDialogState_0042efa0_Product@@QAE@XZ+0x5f0","","src_otwin_trail_construct_trail_game_dialog_state.obj","match","cpp","7-10","Product compiler-generated VC4 /GX constructor cleanup funclet for the genuine TrailGame dialog state: destroys the PositionedBitmap member at owner offset 0x58. Owner-relative anchoring is stable across fresh links; the mask covers only the complete generated direct-jump rel32 operand to the Product destructor."
"OtFreePositionedBitmapEhThunk_0042e5da","Oregon32.exe","0x42e5da","0x2e5da","0xb","","","??0TrailGameDialogState_0042efa0_Product@@QAE@XZ+0x5fb","","src_otwin_trail_construct_trail_game_dialog_state.obj","match","cpp","7-10","Product compiler-generated VC4 /GX constructor cleanup funclet for the genuine TrailGame dialog state: destroys the PositionedBitmap member at owner offset 0x30. Owner-relative anchoring is stable across fresh links; the mask covers only the complete generated direct-jump rel32 operand to the Product destructor."
"OtFreePositionedBitmapEhThunk_0042e5ef","Oregon32.exe","0x42e5ef","0x2e5ef","0xb","","","??0TrailGameDialogState_0042efa0_Product@@QAE@XZ+0x610","","src_otwin_trail_construct_trail_game_dialog_state.obj","match","cpp","7-10","Product compiler-generated VC4 /GX constructor cleanup funclet for the genuine TrailGame dialog state: destroys the PositionedBitmap member at owner offset 0x8. Owner-relative anchoring is stable across fresh links; the mask covers only the complete generated direct-jump rel32 operand to the Product destructor."
"OtMfcSehUnwindFunclet_00422080","Oregon32.exe","0x422080","0x22080","0xe","","","_OtAboutDialogProc_0041afa0_Product@16 + 0x39d","","src_otwin_app_application_menu_dialog_callbacks.obj","match","cpp","","Authentic Product-reachable VC4 /GX common-return tail emitted naturally by the live About dialog callback. The symbol-relative +0x39d anchor has the same four-argument stdcall SEH-chain, ESI, and EBP restore followed by ret 10h as the original standalone fragment; no mask or source shaping is used."
"OtMfcSehUnwindFunclet_00401e12","Oregon32.exe","0x401e12","0x1e12","0x13","","","_OtSharedMessageDialogProcDependency_00401570@16+0x7dd","","src_otwin_app_runtime_dialog_dispatch.obj","match","cpp","","Raw byte-exact Product-reachable VC4 EH unwind epilogue from the genuine shared-message dialog procedure. The object-qualified owner-relative anchor follows the epilogue within the reshaped semantic owner and requires no masks."
"OtMfcSehUnwindFunclet_0040c489","Oregon32.exe","0x40c489","0xc489","0x13","","","_OtIntroDialogProc_0040bb30_Product@16 + 0x400","","src_otwin_app_application_menu_dialog_callbacks.obj","match","cpp","","Authentic same-parent Product VC4 /GX common-return tail emitted by the live Intro dialog callback. The symbol-relative +0x400 anchor restores ECX/EDI, the FS exception chain, ESI/EBX/EBP, and returns with ret 10h exactly; stable in 29/29 normal session links and maskless."
"OtMfcSehUnwindFunclet_0040e2eb","Oregon32.exe","0x40e2eb","0xe2eb","0x13","","","_OtStoreExDialogProc_004096b0_ProductWip@16 + 0x783","","src_otwin_trade_store_extension_dialog_runtime.obj","match","cpp","","Authentic Product-reachable VC4 /GX common-return tail emitted by the accepted Store Extension callback. This close Trade-dialog analog has the same four-argument stdcall SEH/save-set topology as the original Trade Selection parent; cross-parent compiler-fragment reuse follows the accepted 0x00422080 precedent. Stable in 29/29 normal session links and maskless."
"OtMfcSehUnwindFunclet_0041ef5a","Oregon32.exe","0x41ef5a","0x1ef5a","0x13","","","_OtTrailDivideDialogProc_0041c980_ProductWip@16 + 0x69f","","src_otwin_trail_trail_divide_dialog_runtime.obj","match","cpp","","Authentic Product-reachable VC4 /GX common-return tail emitted by the accepted Trail Divide callback. This close Trail-dialog analog has the same four-argument stdcall SEH/save-set topology as the original Drop Supplies parent; cross-parent compiler-fragment reuse follows the accepted 0x00422080 precedent. Stable in 29/29 normal session links and maskless."
"OtMfcSehUnwindFunclet_0040b4a8","Oregon32.exe","0x40b4a8","0xb4a8","0x18","","","_OtGuideBookIndexDialogProc_0040ae50_RealCpp@16+0x641","","src_otwin_trail_guide_book_dialog_runtime.obj","match","cpp","","Product-bound exact 24-byte natural VC4 /GX stdcall common-return epilogue generated by the semantic Guide Book index callback. The symbol-relative +0x641 locator maps the original Ghidra-split tail without ASM or scaffold bytes; maskless raw and hard residuals are zero. Reviewed promotion evidence is retained under artifacts/otmatch/sessions/55pct-v5/lanes/a005-guidebook-epilogue/."
"OtMfcSehUnwindFunclet_00421a5c","Oregon32.exe","0x421a5c","0x21a5c","0x15","","","_OtTalkDialogProc_00421020_ProductWip@16 + 0xa48","","src_otwin_trail_talk_dialog_runtime.obj","match","cpp","","Authentic same-parent Product VC4 /GX return-zero common-return tail emitted by the live Talk dialog callback. The symbol-relative +0xa48 anchor preserves xor eax,eax, restores ECX/EDI, the FS exception chain, ESI/EBX/EBP, and returns with ret 10h exactly; stable in 29/29 normal session links and maskless."
"OtMfcCxxFrameRegister_00406f0c","Oregon32.exe","0x406f0c","0x6f0c","0x18","","","??1TrailTravelViewport_00406e70@@QAE@XZ+0x9c","","src_otwin_trail_destroy_trail_travel_viewport.obj","match","cpp","1-4 19-22","Product-reachable compiler-generated VC4 /GX vector-destructor cleanup helper from the genuine TrailTravelViewport destructor: registers the PositionedBitmap array at owner offset 0x19c with count 5. The parent-relative object-qualified anchor is stable; masks cover only the complete pushed Product-destructor address and vector-destructor-iterator call rel32 operands."
"OtMfcCxxFrameRegister_00406f32","Oregon32.exe","0x406f32","0x6f32","0x18","","","??1TrailTravelViewport_00406e70@@QAE@XZ+0xc2","","src_otwin_trail_destroy_trail_travel_viewport.obj","match","cpp","1-4 19-22","Product-reachable compiler-generated VC4 /GX vector-destructor cleanup helper from the genuine TrailTravelViewport destructor: registers the PositionedBitmap array at owner offset 0xac with count 5. The parent-relative object-qualified anchor is stable; masks cover only the complete pushed Product-destructor address and vector-destructor-iterator call rel32 operands."
"OtMfcCxxFrameRegister_0042e341","Oregon32.exe","0x42e341","0x2e341","0x18","","0x0003fd03","","","","wip","cpp","","Semantic compiler-generated VC4 /GX vector-destructor cleanup helper: registers OtFreePositionedBitmap for a PositionedBitmap array at offset 0x7a0 with count 12 during unwinding. Both candidate address operands moved away from the original offsets and are unmasked. Demoted on 2026-07-16: raw candidate-RVA anchoring is layout-sensitive and is not accepted as semantic Product evidence. A Product owner-destructor probe was rejected because it required an explicitly empty destructor, which violates the Product source policy."
"OtSwitchCaseFragment_0042e9a8","Oregon32.exe","0x42e9a8","0x2e9a8","0x45","","","_OtSwitchCaseFragment_0042e9a8_Wip","","","wip","cpp","","WIP semantic conversion replacing the _emit scaffold; measured 69/69 residual on 2026-05-21 in the drain-to-50 scaffold rewrite and needs source-shape follow-up."
"OtSwitchCaseFragment_0040e1b2","Oregon32.exe","0x40e1b2","0xe1b2","0x3f","","","_OtSwitchCaseFragment_0040e1b2_Wip","","","wip","cpp","","WIP semantic conversion replacing the _emit scaffold; measured 61/63 residual on 2026-05-21 in the drain-to-50 scaffold rewrite and needs source-shape follow-up."
"OtSwitchCaseFragment_0041ee59","Oregon32.exe","0x41ee59","0x1ee59","0xca","","","_OtSwitchCaseFragment_0041ee59_Wip","","","wip","cpp","","WIP semantic conversion replacing the _emit scaffold; measured 193/202 residual on 2026-05-21 in the drain-to-50 scaffold rewrite and needs source-shape follow-up."
"OtRecomputeTrailTravelMetrics","Oregon32.exe","0x0042ddc0","0x0002ddc0","0x000000c0","","","@OtRecomputeTrailTravelMetrics_0042ddc0_RealCpp@4","","","match","cpp","22-25 67-70 85-88 140-143","Semantic C++ match: trail travel-metrics recomputation. Updates per-day distance, weather/terrain-affected effective distance, and food-cost values from the daily-multiplier global. Mask covers 4 abs32 sites (2 for DAT_004390e0, 2 for DAT_00439d58 -- VC4/O1 reuses register-cached loads where possible, hence fewer abs32 sites than source-level references). Source-structure RE: avoid Ghidra synthetic puVar3 aliases, use direct *(unsigned*)(p + offset) member accesses, accept VC4's reload-from-memory pattern (no aliasing analysis), use '<= 2' (jg encoding) not '< 3' (jge), symmetric if/else for shared epilogue."
"FUN_00401000_00001000","Oregon32.exe","0x00401000","0x00001000","0x00000105","","","_OtFilterNumericEditText_00401000_ProductWip","","src_otwin_app_numeric_edit_filter.obj","match","cpp","29-32 58-61 225-228 249-252","Product C++ match for the eight-character numeric edit sanitizer used by the General Store callback. Direct GetDlgItem calls let VC4 reproduce the original import cache and register schedule; masks cover only four complete validated USER32 IAT operands, including the original asynchronous PostMessageA notification."
"OtLoadSavedDialogPlacement_00001110","Oregon32.exe","0x00401110","0x00001110","0x00000175","","","_OtLoadSavedDialogPlacement_00401110_RealCpp","","","match","cpp","4-7 24-27 29-32 36-39 45-48 115-118 132-135 171-174 185-188 220-223 234-237 269-272 282-285 306-309 313-316","Authentic Product C++ match: loads the persisted location value from the canonical oregon.ini path, rejects the default or empty rectangle, parses four space-separated coordinates, and accepts them only when they fit inside the desktop rect. Masks cover only globals/string addresses, USER32/KERNEL32 IAT operands, and direct CRT call displacements."
"FUN_00401290_00001290","Oregon32.exe","0x00401290","0x00001290","0x000000d4","","","_OtScaleDialogChildFromDialogUnits_00401290_DirectImport","","","match","cpp","14-17 34-37 65-68 75-78 200-203","No-ASM dialog-unit child scaling helper; masks cover imported USER API operands only."
"FUN_00401370_00001370","Oregon32.exe","0x00401370","0x00001370","0x000000c0","","","_OtScaleWindowToDialogCoords_00401370_Product","","src_otwin_app_scale_window_to_dialog_coords.obj","match","cpp","8-11 50-53 60-63 181-184","Product C++ match: scales a child window from screen pixels into dialog coordinates using authentic USER32 imports; masks cover only full imported USER32 operands."
"FUN_00401570_00001570","Oregon32.exe","0x00401570","0x00001570","0x000008a2","","","_OtSharedMessageDialogProcDependency_00401570@16","","src_otwin_app_runtime_dialog_dispatch.obj","wip","cpp","","Product semantic WIP: real shared-dialog dispatch with canonical bitmap ownership/free/resize helpers, repeated GetParent API shape, validated 0x28/0xf0 layouts, and disjoint switch-fragment ownership. Exact VC4 source shaping remains open."
"switchD_004015d8__caseD_110_000018e0","Oregon32.exe","0x004018e0","0x000018e0","0x00000463","","","_OtRuntimeDialogDispatchCase110_000018e0_Wip","","","wip","cpp","","WIP semantic conversion replacing the _emit scaffold; measured 1101/1123 residual on 2026-05-21 in the drain-to-50 scaffold rewrite and needs source-shape follow-up."
"FUN_00401f00_00001f00","Oregon32.exe","0x00401f00","0x00001f00","0x000001f1","","","_OtSimulationSpeedDialogProcA_00401f00@16","","","match","cpp","0x17-0x1a 0x1e-0x21 0x38-0x3b 0x42-0x45 0x4d-0x50 0x8c-0x8f 0xd3-0xd6 0xd8-0xdb 0xeb-0xee 0x108-0x10b 0x11e-0x121 0x15d-0x160 0x18a-0x18d 0x190-0x193 0x19c-0x19f 0x1a3-0x1a6 0x1a8-0x1ab 0x1ae-0x1b1 0x1b6-0x1b9 0x1d0-0x1d3 0x1e5-0x1e8","Semantic C++ match: simulation speed option dialog proc. Centers the modal dialog, initializes the checked radio button from the simulation-speed global, commits the selected speed to oregon.ini, and handles cancel/color messages. Mask covers only VC4 switch jump-table addresses, USER/GDI/KERNEL import operands, DAT/string operands, the oregon.ini pointer operand, and the direct _itoa call displacement."
"FUN_00402140_00002140","Oregon32.exe","0x00402140","0x00002140","0x0000022d","","","_OtHuntTimeDialogProcA_00402140@16","","","match","cpp","0x17-0x1a 0x1e-0x21 0x38-0x3b 0x42-0x45 0x4d-0x50 0x8c-0x8f 0xd3-0xd6 0xd8-0xdb 0xeb-0xee 0x10b-0x10e 0x12b-0x12e 0x144-0x147 0x186-0x189 0x1c6-0x1c9 0x1cc-0x1cf 0x1d8-0x1db 0x1df-0x1e2 0x1e4-0x1e7 0x1ea-0x1ed 0x1f2-0x1f5 0x20c-0x20f 0x221-0x224","Semantic C++ match: hunt-time option dialog proc. Centers the modal dialog, initializes the checked hunt-time radio button, commits the selected hunt duration to oregon.ini, and handles cancel/color messages. Mask covers only VC4 switch jump-table addresses, USER/GDI/KERNEL import operands, DAT/string operands, the oregon.ini pointer operand, and the direct _itoa call displacement."
"OtHuntResultsDialogProc_000023b0","Oregon32.exe","0x004023b0","0x000023b0","0x000003f9","","","_OtHuntResultsDialogProc_000023b0_Wip@16","","src_otwin_hunt_hunt_results_dialog_callback.obj","wip","cpp","","Product semantic stdcall Hunt Results dialog callback with typed state ownership, initialization, painting, command handling, and teardown; exact VC4 source shaping remains open."
"OtPaintHuntResultsText_000027b0","Oregon32.exe","0x004027b0","0x000027b0","0x00000594","","","_OtPaintHuntResultsText_000027b0_Product","","src_otwin_hunt_paint_hunt_results_text.obj","match","cpp","28-31 51-54 70-73 83-86 139-142 157-160 180-183 297-300 304-307 319-322 474-477 536-539 549-552 689-692 741-744 754-757 852-855 865-868 871-874 876-879 974-977 981-984 1018-1021 1090-1093 1103-1106 1121-1124 1252-1255 1259-1262 1342-1345 1355-1358 1413-1416","Authentic readable Product C++ match for the hunt-results paint and text-formatting flow: VC4 /O1 emits the original 0x594-byte, 483-instruction body. Masks cover only 31 validated four-byte COFF relocation operands for Win32 imports, Product globals, string data, _itoa, and the living-party helper."
"FUN_00402d50_00002d50","Oregon32.exe","0x00402d50","0x00002d50","0x00000138","","","_OtHuntResultDialogProc_00002d50_20260604_HuntAlt14@16","","src_otwin_hunt_hunt_result_dialog_proc_20260605.obj","match","cpp","23-26 30-33 55-58 69-72 175-178 187-190 194-197 254-257 279-282 300-303","Product C++ match for the hunt-result dialog procedure; masks cover import, direct-call, and data-address operands only."
"FUN_00402ed0_00002ed0","Oregon32.exe","0x00402ed0","0x00002ed0","0x000000e9","","","_OtRunApplicationMessagePump_00402ed0_RealCpp","","src_otwin_app_application_message_pump_runtime.obj","wip","cpp","","Product C++ application message pump with accelerator and modeless-dialog dispatch; pending VC4 source-shape measurement."
"OtRecordHuntOutcomeMessage_00002fc0","Oregon32.exe","0x00402fc0","0x00002fc0","0x00000352","","","_OtRecordHuntOutcomeMessage_00002fc0_Product@4","","src_otwin_hunt_record_hunt_outcome_message.obj","match","cpp","25-28 30-33 94-97 156-159 165-168 180-183 220-223 268-271 279-282 308-311 332-335 393-396 415-418 421-424 426-429 486-489 534-537 545-548 572-575 612-615 673-676 691-694 697-700 702-705 744-747 796-799 809-812 824-827 829-832 834-837","Readable semantic Product C++ compiled with VC4 /O1; all 730 compared bytes match. The 120 excluded bytes are complete validated global, IAT, or rel32 call operands. Local declaration order preserves VC4's original edx/esi comparison schedule."
"FUN_004035b0_000035b0","Oregon32.exe","0x004035b0","0x000035b0","0x000000f4","","","@OtCreateMainWindow_004035b0@4","","src_otwin_app_main_window_creation.obj","match","cpp","8-11 23-26 31-34 37-40 49-52 78-81 159-162 164-167 172-175 198-201 203-206 210-213 222-225 229-232","Product main-window creation: recovered ECX runtime ABI, Windows-version frame metrics, saved placement, and CreateWindowExA failure handling. Complete relocation/import/call operands are documented in tools/otmatch/evidence/main-window-creation-operands.csv; integrated strict verification and all 748 baseline matches passed."
"OtLoadGlobalPalette_000036b0","Oregon32.exe","0x004036b0","0x000036b0","0x0000017f","","","?OtLoadGlobalPalette_004036b0_Semantic@PaletteOwner_004036b0@@QAEHXZ","","","match","cpp","10-13 29-32 49-52 56-59 79-82 94-97 109-112 130-133 204-207 210-213 277-280 283-286 289-292 303-306 312-315 320-323 327-330 344-347 355-358 366-369","Semantic C++ match: loads and copies the global indexed palette resource, builds a LOGPALETTE, and realizes it into a DC. Masks cover only resource/global/import address operands."
"FUN_004038d0_000038d0","Oregon32.exe","0x004038d0","0x000038d0","0x000000e2","","","?OtStringResourceGroupLoad_004038d0_RealCpp@StringResourceGroupOwner_004038d0@@QAEXXZ","","","match","cpp","12-15 41-44 48-51 82-85 90-93","Semantic C++ match: loads the owner bitmap descriptor, clips its height and width to the client rect with 20-pixel padding, and updates right/bottom bounds. Mask covers only the VC4 EH handler address, GetClientRect IAT operand, resource-module global operand, and direct allocation/constructor call displacements."
"OtHandleAppMessage_000039d0","Oregon32.exe","0x004039d0","0x000039d0","0x00000acc","","","?OtDispatchWindowMessage_004039d0_ProductWip@MainWindowRuntimeObject_00405a40@@UAEJIIJ@Z","","src_otwin_app_application_runtime_lifecycle.obj","wip","cpp","","Product semantic WIP: complete recovered main-window message routing, lifecycle/placement behavior, custom application messages, command dispatch, and Product-reachable canonical dependencies. Exact VC4 source shaping remains open."
"OtInitializeApplicationRuntime_000044f0","Oregon32.exe","0x004044f0","0x000044f0","0x000001f9","","","??0MainWindowRuntimeObject_00405a40@@QAE@XZ","","src_otwin_app_application_runtime_lifecycle.obj","wip","cpp","","Product C++ constructor performs real window/resource/palette/audio/journey initialization with nested positioned-bitmap ownership."
"FUN_00404730_00004730","Oregon32.exe","0x00404730","0x00004730","0x00000110","","","??1MainWindowRuntimeObject_00405a40@@QAE@XZ","","src_otwin_app_application_runtime_lifecycle.obj","match","cpp","12-15 26-29 62-65 69-72 78-81 85-88 92-95 98-101 104-107 113-116 122-125 130-133 139-142 147-150 156-159 164-167 187-190 193-196 201-204","Main-window destructor closes structurally after restoring the original SetCursor-before-LoadCursorA import declaration order, which VC4 uses for the ESI/EDI cursor-import cache roles. The nineteen masks cover only relocated data-address, IAT, and direct-call operands."
"OtPaintMainWindow","Oregon32.exe","0x00404880","0x00004880","0x000000c1","","","?OtPaintMainWindow_00404880_RealCpp@MainWindowPaintState_00404880@@QAEXXZ","","","match","cpp","18-21 27-30 35-38 42-45 55-58 68-71 81-84 97-100 122-125 128-131 137-140 162-165 183-186","Semantic C++ match: main window paint helper begins painting, selects and realizes the game palette, blits the title/backdrop positioned bitmaps, optionally draws the active overlay and product text, starts the overlay timer, and ends painting. Mask covers IAT/global relocations plus complete four-byte direct helper-call displacements."
"FUN_00404950_00004950","Oregon32.exe","0x00404950","0x00004950","0x00000111","","","_OtMainWindowCommandLatch_00004950_ProductPf_20260605_ReccmpWip","","src_otwin_app_main_window_command_latch_20260605.obj","match","cpp","12-15 17-20 22-25 36-39 42-45 54-57 72-75 85-88 93-96 103-106 144-147 164-167 173-176 181-184 200-203 205-208","Promoted Product C++ match: opens product.pf, validates the product record, reports failure states, and draws the licensed-name text. Mask covers only data, CRT call, and import operands."
"FUN_00404b30_00004b30","Oregon32.exe","0x00404b30","0x00004b30","0x00000285","","","?OtMenuCommandRangeDispatch_00004b30_20260605_Wip@MenuCommandRangeDispatch_00404b30_20260605@@QAEHIJ@Z","","src_otwin_app_menu_command_range_dispatch_20260605.obj","match","cpp","28-31 35-38 58-61 80-83 94-97 117-120 149-152 154-157 174-177 200-203 212-215 224-227 230-233 244-247 258-261 267-270 280-283 289-292 307-310 321-324 333-336 339-342 353-356 367-370 376-379 389-392 398-401 416-419 430-433 444-447 467-470 481-484 496-499 515-518 529-532 552-555 566-569 595-598 605-608 634-637","Promoted Product C++ match: dispatches menu commands 0x64 through 0x69 for close/load/save/export/state transitions. Mask covers only the jump table, data, import, and helper-call operands."
"OtHandleApplicationMenuCommand_00004dd0","Oregon32.exe","0x00404dd0","0x00004dd0","0x000000de","","","?OtHandleApplicationMenuCommandAlt1_00404dd0@ApplicationMenuCommandState_00404dd0@@QAEHIJ@Z","","src_otwin_app_application_menu_routers.obj","match","cpp","24-27 34-37 40-43 53-56 63-66 73-76 88-91 94-97 107-110 122-125 128-131 141-144 147-150 154-157 165-168 179-182 194-197 200-203 213-216","Product semantic C++ match for application menu commands 0x78 through 0x7d using genuine Product callbacks, canonical option toggles, and the original shared-epilogue switch topology. Masks cover only complete paired jump-table, callback, global, import, and direct-call address operands."
"FUN_00405000_00005000","Oregon32.exe","0x00405000","0x00005000","0x000002e1","","","?OtMainWindowMessageRouter_00005000_ProductWip@MainWindowMessageRouter_00405000@@QAEXPAX@Z","","src_otwin_app_application_menu_routers.obj","wip","cpp","","Product semantic member recovery with the original thiscall ABI and typed runtime layout. It synchronizes menu enable state for every flow mode and the captured edit-control clipboard state; exact VC4 source shaping remains open."
"FUN_00405320_00005320","Oregon32.exe","0x00405320","0x00005320","0x000000ec","","","?OtOptionMenuStateSync_00405320_RealCpp@ApplicationOptionMenuStateSync_00405320@@QAEXXZ","","","match","cpp","87-90 93-96 106-109 114-117 147-150 152-155 166-169 171-174 187-190 201-204 206-209 213-216 224-227","Semantic C++ match: creates and stores the option-menu and dialog fonts, checks runtime small-font metrics, warns when the expected font height is unavailable, and releases the window DC. Mask covers only string/global operands, imported GDI/USER32 operands, and the direct bounded-copy helper call displacement."
"FUN_00405410_00005410","Oregon32.exe","0x00405410","0x00005410","0x0000030f","","","?OtApplicationOptionDialogFlow_00005410_ProductWip@ApplicationOptionDialogFlow_00005410@@QAEXXZ","","src_otwin_app_application_runtime_lifecycle.obj","wip","cpp","","Product semantic member recovery with the original thiscall ABI. It loads all six INI options, canonicalizes sound/music state, persists enabled leaderboard/grave-site defaults, and synchronizes the Options menu; exact VC4 source shaping remains open."
"OtToggleOtherApplicationOption","Oregon32.exe","0x00405770","0x00005770","0x000000fc","","","?OtToggleOtherApplicationOption_00405770_RealCpp@ApplicationSecondaryOption_00405770@@QAEXXZ","","","match","cpp","5-8 18-21 57-60 67-70 74-77 88-91 108-111 147-150 157-160 164-167 178-181 196-199 203-206 208-211 219-222 224-227 230-233 241-244","Product C++ match: toggles the canonical 0x004390ec music option, uses the shared active-screen and oregon.ini state plus the real Music/on/off strings, posts the matching notification, persists the setting, and calls the real menu-check implementation. Mask covers only globals, imported USER32/KERNEL32 operands, and the direct menu-check helper call displacement."
"OtToggleSoundEnabled_00005870","Oregon32.exe","0x00405870","0x00005870","0x00000102","","","?OtToggleSoundEnabled_00405870_RealCpp@ApplicationSoundOption_00405870@@QAEXXZ","","","match","cpp","5-8 18-21 57-60 67-70 80-83 91-94 105-108 115-118 122-125 161-164 171-174 184-187 195-198 209-212 214-217 225-228 230-233 236-239 247-250","Product C++ match: toggles the canonical 0x004390e8 sound flag, uses shared active-screen and oregon.ini state plus the real Sound/on/off strings, stops async sound on disable, persists the setting, and calls the real menu-check implementation. Mask covers only globals, imported USER32/WINMM/KERNEL32 operands, and the direct menu-check helper call displacement."
"FUN_00405a40_00005a40","Oregon32.exe","0x00405a40","0x00005a40","0x00000179","","","_OtWindowObjectAttachDispatch_00405a40_RealCpp@16","","","match","cpp","12-15 42-49 52-55 58-61 63-66 95-98 102-105 109-112 115-118 122-125 134-137 140-143 146-149 151-154 159-162 165-168 192-195 207-210 213-216 232-235 238-241 243-246 284-287 338-341 350-353","Semantic C++ match: handles previous-instance activation, records WinMain startup globals, derives the application directory and help-file path, constructs the main-window runtime object, and runs the message pump. Mask covers only VC4 EH metadata, globals, string operands, import operands, and direct helper-call displacements."
"OtInitLandmarkDisplay_00005bd0","Oregon32.exe","0x00405bd0","0x00005bd0","0x0000019a","","","?OtInitLandmarkDisplay_00405bd0_RealCpp@LabeledBitmapDisplay_00405bd0_20260603@@QAEPAU1@PAX0PBD@Z","","","match","cpp","12-15 55-58 66-69 91-94 96-99 103-106 111-114 139-142 226-229 261-264 302-305 308-311 326-329 334-337 383-386 391-394 401-404","Semantic C++ match: initializes a landmark display from its descriptor resource, creates the positioned bitmap and label static control, and handles resource-load failure. Mask covers only the VC4 EH handler address, USER32/KERNEL32 IAT operands, string/global data operands, and direct-call displacements."
"OtPlayCurrentRouteAudioCue_00005e00","Oregon32.exe","0x00405e00","0x00005e00","0x000000fe","","","_OtPlayCurrentRouteAudioCue_00005e00_RealCpp@4","","src_otwin_audio_play_current_route_audio_cue.obj","match","cpp","5-8 20-23 28-31 41-44 48-51 68-71 83-86 91-94 104-107 117-120 124-127 144-147 164-167 229-232 239-242","Product C++ match: selects the route cue and invokes real wave/MIDI implementations; mask covers globals, imports, resources, and direct helper operands."
"OtLoadCompositeAssetSet_00006010","Oregon32.exe","0x00406010","0x00006010","0x00000225","","","??0TrailMapComposite_00406010_20260603@@QAE@PAXPBD@Z","","src_otwin_trail_trail_game_dialog_constructor_dependencies.obj","match","cpp","12-15 66-69 74-77 98-101 113-116 167-170 199-202 240-243 259-262 267-270 288-291 293-296 302-305 313-316 335-338 343-346 366-369 388-391 396-399 419-422 441-444 449-452 472-475 496-499 511-514 524-527","Native Win32 C++ resource constructor initializes the map rectangle, base bitmap, four polylines and progress pen. All 549 bytes match with 26 relocated operands, allocation cleanup and unwind metadata verified; the previous right-edge load-order residual is resolved. Evidence: composite-map-operands.csv."
"OtSelectTrailMapPolylineVariant_00006290","Oregon32.exe","0x00406290","0x00006290","0x000000db","","","?OtSelectTrailMapPolylineVariantNoAsm2_00406290_RealCpp@TrailMapComposite_00406290@@QAEXXZ","","","match","cpp","16-19 37-40 94-97","Semantic C++ match: scans the copied route-history window for Fort Bridger and Walla Walla visits, then selects the active trail-map polyline point set. No inline ASM; mask covers only the three journey-state global pointer operands."
"OtAnimateTrailTravelFrames_00006400","Oregon32.exe","0x00406400","0x00006400","0x0000010b","","","?OtAnimateTrailTravelFrames_00406400_Product@TrailTravelAnimation_00406400_Product@@QAEXPAXI@Z","","src_otwin_trail_animate_trail_travel_frames_runtime.obj","match","cpp","2-5 95-98 160-163 240-243","Product C++ promotion: advances trail frame timing and scrolls the semantic positioned-bitmap strips without recovery dependencies."
"OtClipTrailForegroundSpan_000065d0","Oregon32.exe","0x004065d0","0x000065d0","0x000000ec","","","?OtClipTrailForegroundSpanAlt80_004065d0_RealCpp@TrailForegroundSpan_20260603_065d0@@QAEXPAXII@Z","","src_otwin_trail_clip_trail_foreground_span_20260605.obj","match","cpp","19-22 62-65 70-73 137-140 144-147 216-219","Product C++ match for clipping a trail foreground span; masks cover direct-call and data-address operands only."
"OtRenderTrailEventOverlayFrame_00006760","Oregon32.exe","0x00406760","0x00006760","0x00000110","","","?OtRenderTrailEventOverlayFrame_00006760_RealCpp@TrailEventOverlayFrame_00006760@@QAEXPAXH@Z","","src_otwin_trail_render_trail_event_overlay_frame.obj","match","cpp","3-6 24-27 31-34 36-39 66-69 93-96 119-122 145-148 171-174 197-200 215-218 229-232 236-239 262-265","Product C++ event overlay frame selector using canonical journey/event state, semantic bitmap blits, palette-brush member, and direct GDI imports."
"OtInitTrailTravelViewport_000069c0","Oregon32.exe","0x004069c0","0x000069c0","0x0000043a","","","??0TrailTravelViewportInitializer_004069c0@@QAE@PAX0PBD@Z","","src_otwin_trail_trail_game_dialog_constructor_dependencies.obj","wip","cpp","12-15 41-44 52-55 57-60 72-75 82-85 97-100 102-105 117-120 127-130 142-145 172-175 183-186 209-212 214-217 221-224 229-232 244-247 315-318 412-415 497-500 614-617 681-684 729-732 777-780 825-828 873-876 921-924 942-945 953-956 1002-1005 1050-1053","Frozen WIP Product constructor: canonical positioned-bitmap members, VC4 /GX cleanup, unsigned resource IDs, failure handling, and route-strip math. Schema-4 validates all 32 complete operand masks; 32 clean compiled variants plateaued at nine allocator-only hard bytes out of 954 compared."
"OtAnimateTrailViewportFillPalette_000070a0","Oregon32.exe","0x004070a0","0x000070a0","0x00000299","","","?OtAnimateTrailViewportFillPalette_004070a0_ProductWip@TrailViewportPaletteState_004070a0_ProductWip@@QAEXH@Z","","src_otwin_trail_trail_viewport_palette_runtime.obj","wip","cpp","5-8 27-30 34-37 56-59 130-133 151-154 166-169 175-178 374-377 395-398 410-413 419-422 605-608 642-645","Product semantic viewport-palette animation using canonical state and direct GDI calls. VC4 /O1 emits the exact 0x299-byte size; 14 aligned HIGHLOW operands (56 bytes) are fully validated, while 33 unmaskable scheduling/encoding bytes remain in the initial AnimatePalette setup and blue-threshold comparison."
"OtGeneralStoreDialogProc_00007340","Oregon32.exe","0x00407340","0x00007340","0x000006cb","","","_OtGeneralStoreDialogProc_00407340_ProductWip@16","","src_otwin_trade_general_store_dialog_runtime.obj","wip","cpp","","Product C++ implements the genuine stdcall General Store callback, adjustment-list ownership, seven-bitmap state, painting, owner-draw controls, purchase flow, child dialog, numeric filtering, and lifecycle forwarding. Duplicated semantic parent-message calls now recover the original test/branch/push topology and grow the VC4 body from 0x6c5 to 0x6c7; the remaining four-byte command-tail drift and EDI/ESI allocation remain open."
"OtPopulateGeneralStoreForm_00007a10","Oregon32.exe","0x00407a10","0x00007a10","0x0000058b","","","_OtPopulateGeneralStoreForm_00407a10_ProductWip","","src_otwin_trade_populate_general_store_form.obj","match","cpp","4-7 50-53 61-64 69-72 80-83 143-146 158-161 168-171 181-184 222-225 278-281 334-337 390-393 446-449 502-505 566-569 602-605 616-619 660-663 674-677 718-721 743-746 787-790 801-804 845-848 859-862 903-906 917-920 961-964 985-988 1026-1029 1033-1036 1081-1084 1088-1091 1144-1147 1151-1154 1199-1202 1206-1209 1253-1256 1260-1263 1297-1300 1304-1307 1337-1340 1384-1387 1391-1394","Product C++ exactly recovers the fixed seven-row General Store capacity/current-inventory display, localized labels, route-adjusted prices, and available cash. The mask covers only 45 complete address/call operands."
"OtValidateAndCommitGeneralStorePurchase_00007fa0","Oregon32.exe","0x00407fa0","0x00007fa0","0x00000cf4","","","_OtValidateAndCommitGeneralStorePurchase_00007fa0_Product","","src_otwin_trade_validate_and_commit_general_store_purchase.obj","wip","cpp","","Isolated Product C++ validates all seven store quantities, parses and debits the purchase total, applies the canonical adjustment list, and formats the resulting trail message. Current VC4 source is structurally exact outside localized food-total and cash-comparison islands: 529 raw bytes differ, with 13 structural instruction records and the remaining differences dominated by auditable address operands."
"OtInitGeneralStoreDialog_00008ca0","Oregon32.exe","0x00408ca0","0x00008ca0","0x000002c4","","","_OtInitGeneralStoreDialog_00408ca0_ProductWip","","src_otwin_trade_init_general_store_dialog.obj","match","cpp","12-15 40-43 47-50 93-96 103-106 113-116 122-125 135-138 161-164 173-176 185-188 197-200 212-215 227-230 242-245 257-260 278-281 292-295 306-309 317-320 328-331 339-342 347-350 367-370 372-375 379-382 386-389 394-397 420-423 428-431 438-441 447-450 457-460 466-469 476-479 485-488 495-498 513-516 523-526 535-538 545-548 553-556 560-563 577-580 588-591 599-602 611-614 621-624 642-645 666-669 696-699","Product C++ exactly recovers the General Store layout, form population, total calculation, implicit 0x128 state construction and unwind cleanup, route artwork/rectangle loading, and owner-draw control sizing. Named x/y coordinates restore the original SetWindowPos schedule; the mask covers only the validated EH target, IAT/global operands, and direct/member-call displacements."
"OtLayoutGeneralStoreControls_00008f80","Oregon32.exe","0x00408f80","0x00008f80","0x000005e0","","","_OtLayoutGeneralStoreControls_00408f80_RealCpp","","src_otwin_app_general_store_layout.obj","match","cpp","8-11 39-42 55-58 71-74 87-90 103-106 121-124 139-142 147-150 166-169 173-176 194-197 201-204 216-219 225-228 244-247 251-254 272-275 279-282 294-297 303-306 323-326 330-333 351-354 358-361 373-376 382-385 401-404 408-411 429-432 436-439 458-461 466-469 483-486 490-493 527-530 566-569 573-576 586-589 595-598 612-615 619-622 656-659 695-698 702-705 715-718 724-727 741-744 748-751 785-788 824-827 831-834 844-847 853-856 870-873 877-880 914-917 953-956 960-963 973-976 982-985 999-1002 1006-1009 1043-1046 1082-1085 1089-1092 1102-1105 1111-1114 1128-1131 1135-1138 1172-1175 1211-1214 1218-1221 1231-1234 1240-1243 1257-1260 1264-1267 1304-1307 1343-1346 1350-1353 1363-1366 1379-1382 1395-1398 1411-1414 1434-1437 1453-1456 1460-1463 1473-1476 1489-1492","Pure Product VC4 C++ general-store control layout; masks cover only audited import, global-address, CRT-call, and direct helper-call operands."
"OtRecalculateGeneralStoreTotals_00009560","Oregon32.exe","0x00409560","0x00009560","0x0000014c","","","_OtRecalculateGeneralStoreTotals_00409560_Product","","src_otwin_app_recalculate_general_store_totals_20260605.obj","match","cpp","50-53 71-74 106-109 112-115 199-202 206-209 225-228 232-235 289-292 296-299 313-316 320-323","Product C++ match for recalculating store totals from the original price table and canonical route price multiplier; masks cover data-address operands only."
"OtStoreExDialogProc_000096b0","Oregon32.exe","0x004096b0","0x000096b0","0x00000796","","","_OtStoreExDialogProc_004096b0_ProductWip@16","","src_otwin_trade_store_extension_dialog_runtime.obj","match","cpp","12-15 169-172 253-256 262-265 275-278 287-290 306-309 320-323 331-334 342-345 353-356 361-364 372-375 378-381 393-396 403-406 411-414 417-420 424-427 431-434 445-448 451-454 463-466 469-472 489-492 502-505 509-512 532-535 541-544 552-555 562-565 610-613 638-641 671-674 712-715 736-739 764-767 796-799 819-822 847-850 858-861 875-878 882-885 891-894 897-900 920-923 926-929 940-943 951-954 958-961 1009-1012 1016-1019 1077-1080 1090-1093 1106-1109 1122-1125 1138-1141 1154-1157 1170-1173 1186-1189 1204-1207 1230-1233 1242-1245 1254-1257 1266-1269 1281-1284 1296-1299 1317-1320 1331-1334 1342-1345 1353-1356 1364-1367 1372-1375 1392-1395 1397-1400 1404-1407 1411-1414 1419-1422 1432-1435 1445-1448 1453-1456 1463-1466 1472-1475 1482-1485 1491-1494 1501-1504 1510-1513 1531-1534 1555-1558 1568-1571 1580-1583 1590-1593 1602-1605 1629-1632 1642-1645 1654-1657 1661-1664 1680-1683 1692-1695 1697-1700 1706-1709 1754-1757 1760-1763 1775-1778 1787-1790 1796-1799 1804-1807 1812-1815 1827-1830 1835-1838 1842-1845 1847-1850 1855-1858 1864-1867 1873-1876 1878-1881 1886-1889 1895-1898 1906-1909 1914-1917","Store extension dialog closes structurally after the WM_INITDIALOG base-unit locals changed from unsigned int to int, which restores the original ECX coloring for the GetWindowRect rect-address temp. The 120 masks cover only relocated data-address, IAT, and direct-call operands."
"OtGuideBookDialogProc_00009e50","Oregon32.exe","0x00409e50","0x00009e50","0x00000e6c","","","_OtGuideBookDialogProc_00409e50_RealCpp@16","","src_otwin_trail_guide_book_dialog_runtime.obj","wip","cpp","","Product-reachable pure-C++ Guide Book callback WIP with the original stdcall ABI, monolithic message dispatch, twelve owned positioned bitmaps, saved placement, all 73 pages, index-dialog flow, and narration; first VC4 /GX pass measured 2968/3692 strict residual on 2026-07-17."
"FUN_0040ad80_0000ad80","Oregon32.exe","0x0040ad80","0x0000ad80","0x000000c4","","","_OtRefreshGuideBookPage_0040ad80_RealCpp","","src_otwin_trail_guide_book_dialog_runtime.obj","wip","cpp","","Product-reachable pure-C++ Guide Book page refresher with the recovered two-argument cdecl boundary. The current linked result is 68/196, but its helper COMDAT is byte-identical to the prior 70/196 plateau; the lane is frozen after nine-plus meaningful variants."
"FUN_0040ae50_0000ae50","Oregon32.exe","0x0040ae50","0x0000ae50","0x00000658","","","_OtGuideBookIndexDialogProc_0040ae50_RealCpp@16","","src_otwin_trail_guide_book_dialog_runtime.obj","wip","cpp","","Product-reachable pure-C++ Guide Book index callback with the original stdcall ABI, four-bitmap /GX ownership, and recovered 0x9c local frame. Five meaningful variants leave 1172/1624 maskless hard bytes; one bounded WM_DRAWITEM early-exit hypothesis remains, while the original +0x658 EH/common-return tail is byte-exact at the Product epilogue's +0x641 locator and verified by its own row."
"OtDrawBeveledRect_0000b4c0","Oregon32.exe","0x0040b4c0","0x0000b4c0","0x000001c2","","","?OtDrawBeveledRect_0000b4c0_RealCpp@BeveledRect_0000b4c0@@QAEXPAX@Z","","","match","cpp","32-35 44-47 59-62 77-80 139-142 151-154 269-272 281-284 409-412 419-422","Semantic C++ match: draws the three-pen beveled frame around a rectangle using GDI pen selection, line drawing, and cleanup. Mask covers only imported GDI function operands."
"OtLoadIndexedBitmapFromResource_0000b870","Oregon32.exe","0x0040b870","0x0000b870","0x000001c7","","","?OtLoadIndexedBitmapFromResource_0040b870_ProductWip@PositionedBitmapDescriptorState_0040ba40@@QAEHPAXGFFFF@Z","","src_otwin_graphics_load_positioned_bitmap_descriptor.obj","match","cpp","92-95 100-103 123-126 141-144 170-173 313-316 326-329 340-343 355-358 373-376 405-408","Product C++ match: loads and owns an indexed bitmap resource, initializes its BITMAPINFO and palette, and replaces prior handles through genuine KERNEL32 APIs. A named width value preserves the original VC4 geometry register allocation; the signed Product dependency wrapper converts to this function's authentic unsigned WORD resource-ID ABI. Masks cover only validated KERNEL32 import operands."
"OtLoadPositionedBitmapDescriptor_0000ba40","Oregon32.exe","0x0040ba40","0x0000ba40","0x000000ef","","","?OtLoadPositionedBitmapDescriptor_0040ba40_RealCpp@PositionedBitmapDescriptorState_0040ba40@@QAEHPAXF@Z","","src_otwin_graphics_load_positioned_bitmap_descriptor.obj","match","cpp","47-50 59-62 90-93 209-212 220-223","Product C++ match: loads the descriptor resource, copies its signed geometry, invokes the owned indexed-bitmap loader, and frees the resource handle. A semantically equivalent right-edge sum reproduces VC4 operand scheduling; masks cover only validated KERNEL32 import and direct-call operands."
"FUN_0040bb30_0000bb30","Oregon32.exe","0x0040bb30","0x0000bb30","0x00000959","","","_OtIntroDialogProc_0040bb30_Product@16","","src_otwin_app_application_menu_dialog_callbacks.obj","wip","cpp","","Product semantic stdcall Intro dialog callback with real bitmap ownership, resource text, navigation, painting, and teardown. Exact VC4 source shaping remains open."
"switchD_0040bb95__caseD_110_0000bea0","Oregon32.exe","0x0040bea0","0x0000bea0","0x00000369","","","_OtIndexedBitmapResourceCase110_0000bea0_Wip","","","wip","cpp","","WIP semantic conversion replacing the _emit scaffold; measured 859/873 residual on 2026-05-21 in the drain-to-0 scaffold rewrite and needs source-shape follow-up."
"OtLoadSavedGameFromDialog_0000c4e0","Oregon32.exe","0x0040c4e0","0x0000c4e0","0x000002a4","","","_OtLoadSavedGameFromDialog_0000c4e0_Wip","","src_otwin_app_load_saved_game_runtime.obj","wip","cpp","","Product semantic WIP: direct Win32/COMDLG APIs, original first-ReadFile failure side effects, typed JourneyState allocation/constructor, correct saved-date layout, canonical storage, and VC4 /GX cleanup topology. Exact source shaping remains open."
"FUN_0040c880_0000c880","Oregon32.exe","0x0040c880","0x0000c880","0x0000029e","","","_OtSaveGamePathDialogHelper_0000c880_20260605_Wip","","","match","cpp","15-18 45-48 59-62 70-73 75-78 80-83 153-156 174-177 182-185 228-231 265-268 279-282 300-303 344-347 356-359 400-403 424-427 435-438 445-448 457-460 467-470 476-479 494-497 505-508 513-516 520-523 537-540 543-546 558-561 629-632 640-643 646-649 651-654","Semantic save-game dialog/write helper promoted 2026-06-05; masks cover only static strings/globals, imported API operands, and direct helper-call displacements after byte-identical instruction shape."
"OtSavedGameTextExport_0000cb20","Oregon32.exe","0x0040cb20","0x0000cb20","0x000001cd","","","_OtSavedGameTextExport_0000cb20_RealCpp","","","match","cpp","15-18 44-47 64-67 69-72 74-77 80-83 161-164 169-172 183-186 196-199 211-214 255-258 267-270 311-314 324-327 336-339 346-349 355-358 371-374 377-380 388-391 396-399 403-406 419-422 425-428 432-435 444-447","Semantic C++ match: exports the active trail journal text through the save-file dialog, disk-space check, and CreateFile/WriteFile paths while preserving the edit-control and global-text branches. Mask covers only string/global address operands, IAT operands, and direct helper-call displacements."
"OtOpenMidiAudioFile_0000cd60","Oregon32.exe","0x0040cd60","0x0000cd60","0x0000016a","","","_OtOpenMidiAudioFileMaskClosed_0000cd60_RealCpp","","src_otwin_audio_midi_open_runtime.obj","match","cpp","5-8 26-29 33-36 41-44 54-57 60-63 66-69 79-82 85-88 91-94 179-182 184-187 190-193 214-217 226-229 244-247 249-252 256-259 261-264 266-269 272-275 299-302 310-313 320-323 330-333 347-350","Promoted product C++ match: opens the active MIDI file through the recovered MCI command sequence and preserves error-buffer handling. Mask covers only data globals, IAT/direct-call operands, and function-pointer call operands."
"OtPlayMidiAudio_0000ced0","Oregon32.exe","0x0040ced0","0x0000ced0","0x00000137","","","_OtPlayMidiAudio_0000ced0_RealCpp","","","match","cpp","12-15 18-21 29-32 36-39 47-50 60-63 65-68 76-79 82-85 104-107 133-136 142-145 151-154 163-166 176-179 190-193 195-198 214-217 222-225 252-255 261-264 276-279 290-293 298-301","Semantic C++ match: opens/plays the active MIDI alias through the recovered MCI command sequence and preserves the original restart/error paths. Mask covers MCI command globals, error-buffer globals, IAT operands, and direct helper-call displacements."
"OtOpenWaveAudioFile_0000d110","Oregon32.exe","0x0040d110","0x0000d110","0x000002c8","","","_OtOpenWaveAudioFile_0000d110_RealCpp","","","match","cpp","5-8 29-32 40-43 47-50 113-116 119-122 124-127 130-133 140-143 148-151 168-171 180-183 188-191 193-196 199-202 212-215 218-221 224-227 308-311 353-356 379-382 390-393 395-398 401-404 411-414 431-434 448-451 453-456 540-543 588-591 610-613 616-619 628-631 640-643 658-661 663-666 670-673 676-679 693-696 700-703","Semantic C++ match: opens and probes stereo/mono wave audio through the recovered MCI command sequence. Mask covers only static/global address operands, imported API operands, and direct helper-call displacements."
"OtTradeOfferDialogProc_0000d580","Oregon32.exe","0x0040d580","0x0000d580","0x0000094b","","","_OtTradeOfferDialogProc_0040d580_ProductWip@16","","src_otwin_trade_trade_offer_dialog_runtime.obj","wip","cpp","","Isolated Product C++ implements the genuine stdcall dialog callback, eight-bitmap owner state, placement, painting, owner-draw controls, and accepted-trade commit flow. Exact VC4 source shaping remains open."
"OtTradeSelectionDialogProc_0000ded0","Oregon32.exe","0x0040ded0","0x0000ded0","0x0000041b","","","_OtTradeSelectionDialogProc_0040ded0_ProductWip@16","","src_otwin_trail_trade_selection_dialog_proc_runtime.obj","wip","cpp","","Product pure-C++ VC4 dialog procedure recovered from Ghidra/disassembly: owns four button bitmaps, populates inventory choices, validates item/quantity input, and handles palette/cursor/owner-draw messages. Exact source shaping remains open."
"OtInitTradeSelectionDialog_0000e350","Oregon32.exe","0x0040e350","0x0000e350","0x000007ac","","","_OtInitTradeSelectionDialog_0040e350_ProductWip","","src_otwin_trail_trade_selection_dialog_proc_runtime.obj","match","cpp","12-15 35-38 64-67 70-73 82-85 98-101 103-106 127-130 133-136 157-160 164-167 233-236 240-243 338-341 351-354 378-381 403-406 430-433 441-444 469-472 476-479 500-503 513-516 541-544 548-551 572-575 605-608 612-615 636-639 649-652 677-680 684-687 708-711 729-732 754-757 761-764 785-788 798-801 826-829 833-836 857-860 890-893 897-900 921-924 934-937 962-965 969-972 998-1001 1026-1029 1033-1036 1057-1060 1070-1073 1098-1101 1105-1108 1129-1132 1162-1165 1169-1172 1193-1196 1206-1209 1228-1231 1235-1238 1250-1253 1283-1286 1290-1293 1314-1317 1337-1340 1351-1354 1364-1367 1371-1374 1431-1434 1438-1441 1462-1465 1482-1485 1504-1507 1511-1514 1517-1520 1526-1529 1536-1539 1556-1559 1563-1566 1584-1587 1591-1594 1601-1604 1627-1630 1639-1642 1653-1656 1665-1668 1682-1685 1693-1696 1704-1707 1712-1715 1732-1735 1737-1740 1744-1747 1751-1754 1759-1762 1785-1788 1793-1796 1803-1806 1812-1815 1822-1825 1831-1834 1841-1844 1850-1853 1869-1872 1890-1893 1914-1917 1929-1932 1936-1939 1955-1958","Product VC4 /GX C++ initializer for Trade Selection dialog placement, child scaling, inventory labels/counts, persisted selection, and four-bitmap owner state. All 110 differing complete address operands are schema-4 validated and manually reconciled."
"OtValidateTradeSelectionAndOpenOfferDialog_0000eb20","Oregon32.exe","0x0040eb20","0x0000eb20","0x00000102","","","_OtValidateTradeSelectionAndOpenOfferDialog_0040eb20_Product","","src_otwin_trail_validate_trade_selection_and_open_offer_dialog.obj","match","cpp","16-19 30-33 46-49 60-63 96-99 124-127 159-162 179-182 184-187 197-200 217-220 222-225 228-231","Accepted Product C++ validates the selected item and requested quantity, persists the radio selection, builds the offer through the real stdcall Product dependency, opens the Product offer dialog, and reports the authentic missing-selection error. All thirteen complete address operands are schema-4 validated and manually reconciled."
"OtProcessRiverCrossingChoice_0000ec30","Oregon32.exe","0x0040ec30","0x0000ec30","0x000003b1","","","_OtProcessRiverCrossingChoice_0040ec30_ProductWip@8","","src_otwin_river_river_crossing_choice_runtime.obj","match","cpp","13-16 29-32 46-49 53-56 60-63 71-74 107-110 140-143 160-163 189-192 199-202 213-216 251-254 271-274 300-303 310-313 324-327 349-352 360-363 365-368 371-374 388-391 393-396 407-410 436-439 467-470 477-480 484-487 517-520 533-536 545-548 581-584 588-591 603-606 609-612 630-633 640-643 654-657 684-687 694-697 708-711 736-739 753-756 760-763 777-780 801-804 810-813 826-829 835-838 855-858 860-863 867-870 873-876 899-902 909-912 923-926","Pure Product VC4 C++ river-choice processing; masks cover only audited image-address and direct-call operands."
"OtResolveRiverCrossingLossAdjustmentList_0000f000","Oregon32.exe","0x0040f000","0x0000f000","0x00000171","","","_OtResolveRiverCrossingLossAdjustmentList_0040f000_ProductWip","","src_otwin_river_river_crossing_outcomes_runtime.obj","match","cpp","5-8 26-29 38-41 50-53 64-67 88-91 100-103 114-117 128-131 140-143 154-157 168-171 180-183 194-197 208-211 220-223 234-237 248-251 260-263 266-269 290-293 309-312 321-324 327-330 343-346 359-362","Product C++ match for building and dispatching river-crossing loss adjustments; masks cover canonical data and direct-call operands only."
"OtResolveFordCrossingOutcome_0000f270","Oregon32.exe","0x0040f270","0x0000f270","0x0000021b","","","_OtResolveFordCrossingOutcome_0040f270_ProductWip","","src_otwin_river_ford_float_crossing_outcomes.obj","match","cpp","12-15 38-41 69-72 83-86 95-98 112-115 146-149 168-171 186-189 195-198 207-210 232-235 244-247 253-256 265-268 289-292 295-298 313-316 330-333 368-371 378-381 404-407 410-413 437-440 449-452 472-475 481-484 494-497 512-515","Pure Product VC4 C++ ford-crossing outcome resolver; only audited image-address and direct-call operands differ after linking."
"OtResolveFloatCrossingOutcome_0000f4b0","Oregon32.exe","0x0040f4b0","0x0000f4b0","0x0000017b","","","_OtResolveFloatCrossingOutcome_0040f4b0_ProductWip","","src_otwin_river_ford_float_crossing_outcomes.obj","match","cpp","12-15 25-28 55-58 62-65 78-81 95-98 126-129 140-143 160-163 188-191 208-211 228-231 250-253 273-276 282-285 292-295 312-315 325-328 339-342 352-355","Pure Product VC4 C++ float-crossing outcome resolver; only audited image-address and direct-call operands differ after linking."
"OtResolveFerryCrossingOutcome_0000f650","Oregon32.exe","0x0040f650","0x0000f650","0x000000f9","","","_OtResolveFerryCrossingOutcome_0040f650_ProductWip","","src_otwin_river_ferry_crossing_outcome.obj","match","cpp","12-15 20-23 34-37 66-69 83-86 107-110 148-151 166-169 177-180 188-191 202-205 222-225","Pure Product VC4 C++ ferry-crossing outcome resolver; only audited image-address and direct-call operands differ after linking."
"FUN_0040f870_0000f870","Oregon32.exe","0x0040f870","0x0000f870","0x000000d8","","","_OtTrailJournalEditWndProc_0040f870_RealCpp@16","","","match","cpp","43-46 58-61 63-66 69-72 91-94 98-101 128-131 135-138 148-151 158-161 173-176 194-197 204-207","Semantic C++ match: trail-journal edit-control subclass proc that reports selection changes to the parent and restores focus on scroll notifications. Mask covers only USER32 IAT operands plus the two edit-selection globals and saved previous wndproc global."
"OtAppendTrailJournalText","Oregon32.exe","0x0040f950","0x0000f950","0x000001f7","","","?OtAppendTrailJournalText_0040f950_RealCpp@TrailJournalState_0040f950@@QAEHPAD@Z","","src_otwin_trail_trail_journal_append_runtime.obj","match","cpp","42-45 47-50 53-56 115-118 142-145 175-178 198-201 226-229 288-291 315-318 333-336 429-432 441-444 487-490 493-496","Product pure-C++ journal append implementation with the original int thiscall(char*) ABI, typed SendMessageA calls, projected-length guard, character loop, and asynchronous EM_EMPTYUNDOBUFFER post. All masks are validated relocation, import, global, or direct-call operands."
"OtInitTrailJournalWindow_0000fc00","Oregon32.exe","0x0040fc00","0x0000fc00","0x000001ad","","","?OtInitTrailJournalWindow_20260605_RealCpp@TrailJournalWindow_0040fc00_20260605@@QAEPAU1@PAX0PBD@Z","","src_otwin_trail_init_trail_journal_window_20260605.obj","match","cpp","23-26 31-34 48-51 53-56 60-63 76-79 129-132 139-142 145-148 153-156 166-169 202-205 215-218 228-231 239-242 244-247 251-254 258-261 272-275 278-281 290-293 297-300 307-310 329-332 338-341 343-346 374-377 379-382 384-387 395-398 402-405 409-412 416-419","Product C++ match for creating and subclassing the trail-journal edit control using canonical text, font, callback, and caret dependencies; masks cover imports, data addresses, and direct calls only."
"OtWillametteValleyArrivalDialogProc_0000fee0","Oregon32.exe","0x0040fee0","0x0000fee0","0x000005af","","","_OtWillametteValleyArrivalDialogProc_0000fee0_Wip@16","","src_otwin_trail_willamette_valley_arrival_dialog_callback.obj","wip","cpp","","Product semantic stdcall Willamette Valley arrival callback with typed state ownership, initialization, painting, command handling, and teardown; exact VC4 source shaping remains open."
"OtLoadRawIndexedBitmap_00010490","Oregon32.exe","0x00410490","0x00010490","0x000000bf","","","??0RawIndexedBitmap_00410490_Product@@QAE@PAXHHPBX@Z","","src_otwin_graphics_load_raw_indexed_bitmap.obj","match","cpp","50-53 60-63 85-88 95-98 104-107 115-118 127-130 138-141 169-172","Product C++ match for constructing a raw indexed bitmap from an optional Win32 resource; masks cover only validated KERNEL32 IAT address operands."
"OtBlitSpriteBuffer_000106e0","Oregon32.exe","0x004106e0","0x000106e0","0x000000c7","","","?OtBlitSpriteBuffer_Product_004106e0@SpriteBlitter_00410660_Product@@QAEXPAXPAURawIndexedBitmap_00410490_Product@@PBX@Z","","src_otwin_graphics_sprite_blitter_runtime.obj","wip","cpp","","Canonical isolated Product C++ differs in 39 of 199 raw bytes. Its final IAT operand does not occupy original offsets 188-191 and is therefore unmasked. The accepted TailG match exists only inside a multi-variant recovery TU, so it is prohibited TU-context shaping and is not credited."
"OtExtractSpriteRegionToBuffer_00010840","Oregon32.exe","0x00410840","0x00010840","0x000001f0","","","_OtExtractSpriteRegionToBuffer_00010840_Wip","","","wip","cpp","","WIP semantic conversion replacing the _emit scaffold; measured 485/496 residual on 2026-05-21 in the drain-to-100 scaffold rewrite and needs source-shape follow-up."
"OtCompositeSpriteIntoBuffer_00010a30","Oregon32.exe","0x00410a30","0x00010a30","0x000002bb","","","_OtCompositeSpriteIntoBuffer_00010a30_Wip","","","wip","cpp","","WIP semantic conversion replacing the _emit scaffold; measured 693/699 residual on 2026-05-21 in the drain-to-100 scaffold rewrite and needs source-shape follow-up."
"OtDeathDialogProc_00010da0","Oregon32.exe","0x00410da0","0x00010da0","0x00000938","","","_OtDeathDialogProc_00010da0_Wip@16","","src_otwin_trail_death_dialog_callback.obj","wip","cpp","","Product semantic stdcall Death dialog callback with monolithic message handling and an implicit seven-bitmap owner that restores VC4 /GX construction, destruction, and cleanup topology; exact source shaping remains open."
"OtEpitaphDialogProc_000116e0","Oregon32.exe","0x004116e0","0x000116e0","0x000007f7","","","_OtEpitaphDialogProc_000116e0_Product@16","","src_otwin_trail_epitaph_dialog_callback.obj","match","cpp","12-15 163-166 229-232 253-256 264-267 275-278 283-286 294-297 300-303 315-318 332-335 341-344 349-352 355-358 362-365 369-372 378-381 384-387 392-395 403-406 409-412 421-424 435-438 441-444 461-464 487-490 494-497 517-520 526-529 537-540 547-550 612-615 638-641 697-700 723-726 772-775 798-801 814-817 831-834 838-841 847-850 853-856 885-888 891-894 905-908 912-915 923-926 974-977 981-984 1045-1048 1071-1074 1103-1106 1110-1113 1116-1119 1185-1188 1192-1195 1221-1224 1243-1246 1265-1268 1287-1290 1309-1312 1333-1336 1340-1343 1350-1353 1365-1368 1380-1383 1387-1390 1397-1400 1423-1426 1435-1438 1449-1452 1461-1464 1478-1481 1489-1492 1500-1503 1508-1511 1528-1531 1533-1536 1540-1543 1547-1550 1555-1558 1572-1575 1580-1583 1590-1593 1599-1602 1609-1612 1618-1621 1628-1631 1637-1640 1658-1661 1682-1685 1695-1698 1707-1710 1714-1717 1733-1736 1745-1748 1750-1753 1759-1762 1816-1819 1823-1826 1862-1865 1868-1871 1882-1885 1899-1902 1907-1910 1914-1917 1919-1922 1927-1930 1939-1942 1947-1950 1954-1957 1963-1966 1975-1978 1987-1990 1994-1997 2002-2005 2011-2014 2016-2019","Product semantic stdcall Epitaph dialog callback with literal message handling, authentic grave-writer ownership, and an implicit four-bitmap owner that restores VC4 /GX cleanup topology; all 623 decoded candidate instructions align to the target with zero structural records, and every masked address operand has reviewed target identity."
"OtAreGraveSitesEnabled_00011ef0","Oregon32.exe","0x00411ef0","0x00011ef0","0x000000de","","","_OtAreGraveSitesEnabled_00411ef0_RealCpp","","","match","cpp","1-4 9-12 51-54 59-62 95-98 112-115 120-123 129-132 168-171 190-193 199-202 206-209","Semantic C++ reads the GraveSites INI option, writes the default value when missing, and returns enabled state using case-insensitive comparison. Mask covers copied string globals, INI path/default-value globals, and profile/lstrcmpi IAT operands."
"FUN_00411fd0_00011fd0","Oregon32.exe","0x00411fd0","0x00011fd0","0x000000d3","","","@OtRefreshGraveEpitaphIniCache_00411fd0_RealCpp@4","","","match","cpp","4-7 37-40 44-47 57-60 63-66 71-74 88-91 96-99 113-116 121-124 137-140 148-151 156-159 161-164 170-173 186-189 191-194","Semantic C++ match: refreshes the cached grave/epitaph INI record for the active route zone. Mask covers only DAT/string globals, oregon.ini path operands, and USER32/KERNEL32 profile/wsprintf import operands."
"OtWriteGraveRecordToIni_000120b0","Oregon32.exe","0x004120b0","0x000120b0","0x0000016c","","","?OtWriteGraveRecordToIni_000120b0_Product@GraveSiteRuntime_00411ee0@@QAEXPBD@Z","","src_otwin_trail_write_grave_record_to_ini.obj","wip","cpp","","Product semantic thiscall writer on the canonical 0x48-byte grave-site runtime; serializes current route, landmark, deceased-name, and normalized epitaph state to oregon.ini. Exact source shaping remains open."
"OtCreateInitHuntDialogState_000122b0","Oregon32.exe","0x004122b0","0x000122b0","0x00000428","","","??0HuntDialogState_00415380_SetupWip@@QAE@XZ","","src_otwin_hunt_create_init_hunt_dialog_state.obj","wip","cpp","","Authentic Product C++ constructor uses real Win32 imports, canonical journey/route globals, matched scene/random helpers, real positioned-bitmap initialization, and real SpriteBlitter construction. It closes the strict Product graph but remains WIP for byte shaping."
"OtDestroyHuntDialogState_00012730","Oregon32.exe","0x00412730","0x00012730","0x0000013f","","","??1HuntRuntimeState_004122b0_Product@@QAE@XZ","","src_otwin_hunt_destroy_hunt_dialog_state.obj","match","cpp","12-15 46-49 68-71 74-77 103-106 202-205 215-218 231-234 251-254 257-260","Product C++ match: authentic HuntRuntimeState destructor built with VC4 /GX; masks cover only EH handler, IAT, and direct-call operands."
"OtRollHuntTargetSpawnChance_000128c0","Oregon32.exe","0x004128c0","0x000128c0","0x00000102","","","?OtRollHuntTargetSpawnChance_004128c0_RealCpp@HuntRuntimeState_004122b0_Product@@QAEHH@Z","","src_otwin_hunt_roll_hunt_target_spawn_chance.obj","match","cpp","67-70 109-112 123-126 171-174 204-207 222-225","Product C++ exact member/thiscall match using a semantic probability-and-journey evaluator; the original spawn caller supplies its hunt-state owner in ECX, while the helper body does not consume that owner. Masks cover only four global-pointer operands and two direct random-helper calls. No volatile, ASM, or artificial dependency is used."
"OtSpawnRandomHuntTarget_000129d0","Oregon32.exe","0x004129d0","0x000129d0","0x000003fb","","","?OtSpawnRandomHuntTarget_004129d0_Product@HuntRuntimeState_004122b0_Product@@QAEXXZ","","src_otwin_hunt_spawn_random_hunt_target.obj","wip","cpp","","Complete Product C++ target selection, spawn throttling, authentic member probability roll, ordered-slot allocation, slot-cell-based sprite initialization, and bitmap-info reset. The retained maskless Product body measures 898/1019 hard bytes after five meaningful clean variants and remains a paused source-shaping WIP."
"OtAllocateOrderedHuntSpriteSlot_00012dd0","Oregon32.exe","0x00412dd0","0x00012dd0","0x000000c5","","","?OtAllocateOrderedHuntSpriteSlot_00412dd0_RealCpp@HuntState_00412dd0@@QAEHH@Z","","src_otwin_hunt_allocate_ordered_hunt_sprite_slot.obj","match","cpp","","Product-reachable semantic C++ layout view counts active and moving hunt sprites, enforces non-projectile spawn limits, finds the draw-order insertion point, and recycles the tail slot into the ordered active-sprite list."
"OtChooseHuntSceneResourceId_00012ee0","Oregon32.exe","0x00412ee0","0x00012ee0","0x00000136","","","?OtChooseHuntSceneResourceId_Product@HuntRuntimeState_004122b0_Product@@QAEHXZ","","","match","cpp","9-12 15-18 29-32 76-79 99-102 142-145 175-178 194-197 227-230 255-258 270-273","No-ASM hunt scene resource selector modeled as its original Hunt state member; masks cover globals, direct random-helper calls, and switch jump-table addresses only."
"OtAdvanceHuntTargetPathing_00013030","Oregon32.exe","0x00413030","0x00013030","0x00000898","","","?OtAdvanceHuntTargetPathing_00413030_Product@HuntRuntimeState_004122b0_Product@@QAEHH@Z","","src_otwin_hunt_advance_hunt_target_pathing.obj","match","cpp","173-176 252-255 417-420 500-503 583-586 748-751 1299-1302 1389-1392 1479-1482 2169-2172","Product C++ match: applies all scene-specific hunt-target lane, turn, removal, and outer-boundary rules. Masks cover only the ten complete REL32 operands for calls to the real Product sprite-removal method."
"OtShouldRemoveFallingHuntTarget_000138d0","Oregon32.exe","0x004138d0","0x000138d0","0x0000044a","","","?OtShouldRemoveFallingHuntTarget_004138d0_20260605_ReccmpP3@OtHuntState_004138d0_20260605@@QAEHH@Z","","src_otwin_hunt_should_remove_falling_hunt_target.obj","match","cpp","","Product C++ raw byte-perfect match for scene-specific falling-target occlusion using canonical state fields, readable bounds tests, and ordinary non-volatile locals."
"OtAdvanceHuntTargets_00013d20","Oregon32.exe","0x00413d20","0x00013d20","0x00000612","","","?OtAdvanceHuntTargets_00413d20_Product@HuntRuntimeState_004122b0_Product@@QAEXPAX@Z","","src_otwin_hunt_advance_hunt_targets.obj","wip","cpp","","Policy-clean Product C++ WIP under stock VC4 /O1. The object is 0x605 bytes versus the original 0x612 and matches the original instruction shape through the normal target-animation path; 13 structural bytes remain in state-6/state-4 random-frame register allocation and redraw scheduling. No masks are claimed while that structural shift remains."
"OtAdvanceHuntProjectile_00014450","Oregon32.exe","0x00414450","0x00014450","0x000001af","","","?OtAdvanceHuntProjectile_00414450_Product@HuntRuntimeState_004122b0_Product@@QAEXPAX@Z","","src_otwin_hunt_advance_hunt_projectile.obj","match","cpp","54-57 111-114 124-127 132-135 167-170 174-177 182-185 236-239 243-246 251-254 306-309 313-316 321-324 371-374 378-381 386-389 420-423","Product C++ match: advances the active hunt projectile using authentic timer, hit-resolution, removal, and redraw dependencies; masks cover only the WINMM import operand, VC4 switch table address, and direct-call operands."
"OtHandleHuntShot_00014620","Oregon32.exe","0x00414620","0x00014620","0x00000231","","","_OtHandleHuntShot_00014620_Wip","","","wip","cpp","","WIP semantic conversion replacing the _emit scaffold; measured 553/561 residual on 2026-05-21 in the drain-to-100 scaffold rewrite and needs source-shape follow-up."
"OtResolveHuntShotHit_00014860","Oregon32.exe","0x00414860","0x00014860","0x00000335","","","_OtResolveHuntShotHit_00014860_Wip","","","wip","cpp","","WIP semantic conversion replacing the _emit scaffold; measured 804/821 residual on 2026-05-21 in the drain-to-100 scaffold rewrite and needs source-shape follow-up."
"OtRunHuntRoundLoop_00014ba0","Oregon32.exe","0x00414ba0","0x00014ba0","0x0000015b","","","?OtRunHuntRoundLoop_00414ba0_Product@HuntRuntimeState_004122b0_Product@@QAEHPAX@Z","","src_otwin_hunt_run_hunt_round_loop.obj","wip","cpp","","Complete Product C++ message pump and hunt-update loop using authentic USER32/WINMM imports and Product hunt methods. The current maskless body is the original 347-byte extent with 81 strict linked differences: one register/IAT-load scheduling cluster plus authentic address operands."
"OtInitHuntDialogProc_00014d00","Oregon32.exe","0x00414d00","0x00014d00","0x00000674","","","_OtInitHuntDialogProc_00014d00_Wip@16","","src_otwin_hunt_init_hunt_dialog_callback.obj","wip","cpp","","Product semantic stdcall Init Hunt callback with typed Hunt-state ownership, setup, round transitions, commands, and teardown; exact VC4 source shaping remains open."
"OtSetupInitHuntDialog_00015380","Oregon32.exe","0x00415380","0x00015380","0x00000218","","","_OtSetupInitHuntDialog_00015380_RealCpp","","src_otwin_hunt_setup_init_hunt_dialog.obj","wip","cpp","12-15 39-42 46-49 63-66 70-73 76-79 134-137 145-148 158-161 174-177 187-190 218-221 238-241 243-246 250-253 257-260 265-268 291-294 303-306 313-316 325-328 335-338 349-352 359-362 371-374 395-398 402-405 414-417 428-431 441-444 457-460 484-487 514-517 527-530","Honest Product C++ WIP: authentic Win32 imports, dialog helpers, Product constructor, positioned-bitmap loads, palette setup, and control sizing. Modeling the Hunt state's real non-trivial bitmap members exposed a hard VC4 scheduling difference at +0x33, so the former match credit is withdrawn; all retained masks remain validated full address operands only."
"OtPaintInitHuntDialog_000155b0","Oregon32.exe","0x004155b0","0x000155b0","0x000000f1","","","_OtPaintInitHuntDialogAlt4_004155b0_80pct@4","","","wip","cpp","","WIP semantic conversion replacing the _emit scaffold; measured 221/241 residual on 2026-05-21 and needs hunt dialog paint source-shape follow-up."
"OtWelcomeDialogProc_000156c0","Oregon32.exe","0x004156c0","0x000156c0","0x000005f7","","","_OtWelcomeDialogProc_000156c0_Wip@16","","src_otwin_app_welcome_dialog_callback.obj","wip","cpp","","Product semantic stdcall Welcome dialog callback with typed state ownership, navigation, painting, commands, and teardown; exact VC4 source shaping remains open."
"OtInitWelcomeDialog_00015d30","Oregon32.exe","0x00415d30","0x00015d30","0x000003cf","","","_OtInitWelcomeDialog_00415d30_RealCpp","","src_otwin_app_init_welcome_dialog.obj","match","cpp","12-15 25-28 46-49 57-60 64-67 70-73 128-131 139-142 152-155 168-171 184-187 200-203 216-219 232-235 248-251 264-267 280-283 293-296 323-326 335-338 347-350 359-362 374-377 389-392 404-407 421-424 436-439 456-459 470-473 484-487 498-501 512-515 523-526 534-537 545-548 553-556 573-576 578-581 585-588 592-595 600-603 622-625 635-638 643-646 653-656 662-665 672-675 681-684 691-694 700-703 721-724 745-748 758-761 770-773 780-783 792-795 802-805 814-817 824-827 836-839 846-849 858-861 868-871 895-898 925-928 940-943 947-950 966-969","Product C++ match: lays out the welcome dialog, constructs nine bitmap descriptors with VC4 EH cleanup, loads the welcome controls and art, and assigns focus. All 68 masks are validated full address operands only."
"FUN_00416120_00016120","Oregon32.exe","0x00416120","0x00016120","0x000001e9","","","_OtWelcomePartyNameCommit_20260605_Wip","","src_otwin_trail_welcome_loss_event_setup_20260605.obj","match","cpp","12-15 38-41 64-67 81-84 97-100 115-118 129-132 143-146 156-159 180-183 193-196 207-210 220-223 234-237 247-250 261-264 274-277 288-291 301-304 306-309 319-322 349-352 380-383 387-390 403-406 415-418 426-429 432-435 449-452 454-457 460-463 468-471","Product C++ match for committing welcome-screen party data and loss state; masks cover EH metadata, direct-call, and data-address operands only."
"OtRunOxDeathEvent_000164f0","Oregon32.exe","0x004164f0","0x000164f0","0x000000ca","","","?OtRunOxDeathEvent_20260716_RealCpp@TrailEventRunner_004164f0_20260716@@QAEXXZ","","src_otwin_trail_ox_death_event_20260716.obj","match","cpp","7-10 17-20 22-25 27-30 42-45 48-51 126-129 146-149 151-154 168-171 180-183 193-196","Product semantic C++ ox-death event. A genuine nested saved no-oxen-bit guard retains the original VC4 two-test control flow; all twelve masks cover complete same-offset address operands for the event-context call, text owner/call, Journey state loads, living-party call, message buffer/window, and SendMessageA import. Original and candidate non-import targets were manually reviewed as identical semantic objects/functions."
"OtRunSlaughterOxForFoodEvent_00016680","Oregon32.exe","0x00416680","0x00016680","0x0000021e","","","?OtRunSlaughterOxForFoodEvent_00416680_ProductWip@TrailEventRunner_00416680_Product@@QAEXXZ","","src_otwin_trail_slaughter_ox_event.obj","wip","cpp","","Authentic Product semantic WIP: offers the no-bullets slaughter choice, converts an accepted ox into food, updates ox/sickness/stop state, and posts both event messages. Source-shape matching remains future work."
"OtRunPartyDeathEvent_000168d0","Oregon32.exe","0x004168d0","0x000168d0","0x000001c3","","","?OtRunPartyDeathEvent_20260604_RealCpp@TrailEventRunner_004168d0_20260604@@QAEXXZ","","","match","cpp","42-45 82-85 96-99 103-106 130-133 137-140 166-169 173-176 207-210 214-217 253-256 260-263 292-295 306-309 331-334 366-369 375-378 381-384 386-389 403-406 415-418 428-431 433-436","Semantic C++ match: formats grouped party-death trail event text, clears queued member-death flags, primes and delays the active event, posts event text, and arms the follow-up event. Mask covers only globals/string operands, wsprintfA/SendMessageA IAT operands, switch jump-table operand, and direct helper-call displacements."
"OtRunWildFruitEvent_00016b90","Oregon32.exe","0x00416b90","0x00016b90","0x000000bd","","","?OtRunWildFruitEvent_RealCpp@TrailEventRunner_00416c50@@QAEXXZ","","src_otwin_trail_wild_fruit_event.obj","match","cpp","2-5 29-32 55-58 60-63 123-126 128-131 134-137 139-142 156-159 168-171 181-184","Product semantic C++ match: awards the capped wild-fruit food bonus, formats the event through canonical Product dependencies, and posts it through genuine USER32 SendMessageA. Reading the plant-food field directly in the cap expression, without a cached alias or register hint, gives the original movsx operand order. Two isolated VC4 /Gd /Zl /O1 builds have identical 189-byte .text SHA-256 FD7E86B6C9E0C7E31673E903D3CEC9C0B44DAA7A258DDE394D3B58C07BCA8ECC; the integrated candidate matches all 145 unmasked bytes, and all 44 masked bytes are validated global/IAT/direct-call operands."
"OtRunAbandonedWagonEvent_00016e40","Oregon32.exe","0x00416e40","0x00016e40","0x00000176","","","?OtRunAbandonedWagonEvent_00416e40_RealCpp@TrailEventRunner_00416e40_Product@@QAEXXZ","","src_otwin_trail_abandoned_wagon_event.obj","match","cpp","12-15 35-38 66-69 82-85 96-99 112-115 126-129 142-145 156-159 172-175 186-189 204-207 218-221 234-237 241-244 248-251 257-260 264-267 270-273 287-290 292-295 298-301 303-306 320-323 332-335 345-348 351-354","Product C++ match: rolls and applies the abandoned-wagon salvage bundle, formats the surviving gains, and posts the event through canonical trail dependencies and genuine USER32 SendMessageA. Masks cover only the VC4 EH target, globals, IAT/address operands, and direct constructor/helper/operator call displacements."
"OtResolveBrokenSupplyEvent_00017190","Oregon32.exe","0x00417190","0x00017190","0x00000133","","","_OtResolveBrokenSupplyEvent_00017190_ProductWip","","src_otwin_trail_resolve_broken_supply_event.obj","wip","cpp","","Product semantic WIP: genuine broken-supply resolution, direct dialog messaging, canonical event-text runtime, accepted delay application, and real living-party/random dependencies; VC4 byte shaping remains open."
"OtRunIndianFoodGiftEvent_00017520","Oregon32.exe","0x00417520","0x00017520","0x0000010c","","","?OtRunIndianFoodGiftEvent_00017520_RealCpp@TrailEventRunner_00417520@@QAEXXZ","","src_otwin_trail_indian_food_gift_event.obj","match","cpp","2-5 18-21 24-27 44-47 51-54 98-101 126-129 142-145 148-151 202-205 207-210 213-216 218-221 235-238 247-250 260-263","Product C++ match: rolls and applies the Indian food gift, formats the result, and dispatches through authentic trail dependencies; masks cover only full globals, imports, calls, and EH address operands."
"OtRunFoodSpoilageEvent_00017a10","Oregon32.exe","0x00417a10","0x00017a10","0x00000107","","","?OtRunFoodSpoilageEvent_00417a10_RealCpp@TrailEventRunner_00417a10@@QAEXXZ","","","match","cpp","11-14 60-63 104-107 120-123 141-144 163-166 170-173 183-186 193-196 198-201 204-207 209-212 226-229 238-241 251-254","Semantic C++ match: loads the spoilage message, rolls and clamps food loss, and dispatches the real trail-event text path. Masks cover only globals, imports, and direct helper-call displacements."
"OtRunIllnessEvent_00017b90","Oregon32.exe","0x00417b90","0x00017b90","0x0000024c","","","?OtRunIllnessEvent_RealCpp@TrailEventRunner_00417b90_20260603@@QAEXXZ","","","match","cpp","10-13 18-21 23-26 33-36 66-69 78-81 84-87 113-116 128-131 157-160 206-209 232-235 237-240 243-246 248-251 265-268 277-280 290-293 295-298 320-323 332-335 358-361 371-374 388-391 408-411 435-438 446-449 472-475 483-486 493-496 498-501 509-512 529-532 534-537 551-554 563-566 576-579","Semantic C++ match: assigns or worsens a random party member illness, handles doctor recovery and death follow-up, and posts the matching trail-event message. Mask covers only direct-call displacements, absolute globals/data buffers, method-this immediates, and the SendMessageA IAT operand."
"OtRunTheftEvent_00017de0","Oregon32.exe","0x00417de0","0x00017de0","0x00000235","","","?OtRunTheftEventSlotPointer_20260605_ReccmpWip@TrailEventRunner_00417de0_20260605@@QAEXXZ","","src_otwin_trail_run_theft_event_20260605.obj","match","cpp","12-15 43-46 65-68 81-84 103-106 108-111 123-126 138-141 150-153 166-169 189-192 200-203 217-220 239-242 261-264 283-286 290-293 305-308 321-324 326-329 344-347 379-382 391-394 423-426 443-446 450-453 462-465 472-475 477-480 483-486 488-491 508-511 519-522 536-539 542-545","Product semantic C++ theft event promoted from the reccmp-guided source candidate; loss application, event-context priming, message formatting, and Win32 calls now target live Product implementations. Masks cover only VC4 EH metadata, the switch jump-table operand, global/data operands, USER32 import operands, and direct/member-call displacements."
"OtRunWagonFireEvent_00018040","Oregon32.exe","0x00418040","0x00018040","0x000001d7","","","?OtRunWagonFireEvent_20260604_RealCpp@TrailEventRunner_00418040_20260604@@QAEXXZ","","src_otwin_trail_wagon_fire_event_20260604.obj","match","cpp","12-15 35-38 66-69 82-85 94-97 108-111 122-125 134-137 140-143 164-167 178-181 190-193 204-207 218-221 230-233 244-247 258-261 270-273 284-287 298-301 310-313 324-327 338-341 345-348 352-355 361-364 368-371 374-377 384-387 389-392 395-398 400-403 417-420 429-432 442-445 448-451","Product semantic C++ match: rolls wagon-fire losses, applies and formats surviving adjustments through canonical Product dependencies, and posts the event through genuine USER32 SendMessageA. Two fresh isolated VC4 /Gd /Zl /GX /O1 builds were byte-identical; the integrated candidate matches all 327 unmasked bytes with no import-identity error, and the strict no-ASM 208-object Product EXE graph links. Masks cover only validated EH, global/IAT, and direct-call/address operands."
"OtInitTrailEventTable_00018230","Oregon32.exe","0x00418230","0x00018230","0x0000073d","","","_OtInitTrailEventTable_00018230_RealCpp","","src_otwin_trail_trail_event_roll_table_cursor_20260605.obj","match","cpp","12-15 35-38 64-67 73-76 103-106 108-111 141-144 149-152 163-166 170-173 203-206 212-215 242-245 247-250 280-283 288-291 309-312 314-317 347-350 355-358 369-372 374-377 407-410 415-418 429-432 434-437 467-470 475-478 489-492 494-497 527-530 535-538 549-552 554-557 587-590 595-598 609-612 614-617 647-650 655-658 669-672 674-677 707-710 715-718 729-732 734-737 767-770 775-778 789-792 794-797 827-830 835-838 849-852 854-857 887-890 895-898 909-912 914-917 947-950 955-958 969-972 974-977 1007-1010 1015-1018 1029-1032 1034-1037 1067-1070 1075-1078 1089-1092 1094-1097 1127-1130 1135-1138 1149-1152 1154-1157 1187-1190 1195-1198 1209-1212 1214-1217 1247-1250 1255-1258 1269-1272 1274-1277 1307-1310 1315-1318 1329-1332 1334-1337 1367-1370 1375-1378 1389-1392 1394-1397 1427-1430 1435-1438 1449-1452 1454-1457 1487-1490 1495-1498 1509-1512 1514-1517 1547-1550 1555-1558 1569-1572 1574-1577 1607-1610 1615-1618 1629-1632 1634-1637 1667-1670 1675-1678 1689-1692 1694-1697 1727-1730 1735-1738 1749-1752 1754-1757 1787-1790 1795-1798 1809-1812 1814-1817 1847-1850","Exact strict-stock-VC4 Product initializer for all 34 descriptor-backed event subclasses. The 119 ranges mask only complete original HIGHLOW relocations or direct rel32 operands; all 1377 evidence bytes match."
"FUN_0041896d_0001896d","Oregon32.exe","0x0041896d","0x0001896d","0x00000112","","","_OtInitTrailEventTable_00018230_RealCpp+0x73d","","src_otwin_trail_trail_event_roll_table_cursor_20260605.obj","match","cpp","2-5 16-19 21-24 54-57 62-65 76-79 81-84 114-117 122-125 136-139 141-144 174-177 182-185 196-199 201-204 234-237 242-245 255-258","Product semantic C++ match: constructor-tail window immediately following the exact 0x73d-byte initializer; masks cover only live dispatch-table/table absolute operands and direct-call displacements."
"OtRollTrailRandomEvents_00018d50","Oregon32.exe","0x00418d50","0x00018d50","0x000004ac","","","_OtRollTrailRandomEvents_00418d50_ProductWip","","src_otwin_trail_trail_random_events_runtime.obj","match","cpp","2-5 29-32 44-47 52-55 69-72 84-87 97-100 112-115 120-123 126-129 152-155 167-170 175-178 190-193 202-205 229-232 244-247 252-255 284-287 341-344 360-363 413-416 433-436 441-444 453-456 465-468 500-503 524-527 543-546 556-559 574-577 595-598 612-615 630-633 651-654 669-672 692-695 721-724 738-741 750-753 762-765 777-780 783-786 788-791 850-853 865-868 870-873 887-890 904-907 917-920 932-935 966-969 979-982 997-1000 1018-1021 1026-1029 1043-1046 1063-1066 1087-1090 1108-1111 1116-1119 1131-1134 1147-1150 1170-1173 1184-1187","Product pure-C++ daily random-event roll with canonical journey-state counters and live event-object dispatch. Validated masks cover only relocation, import, global, and direct-call operands."
"OtRefreshGameDateText_00019300","Oregon32.exe","0x00419300","0x00019300","0x00000106","","","?OtRefreshGameDateText_00419300_RealCpp@GameDateTextState_00419300@@QAEXXZ","","","match","cpp","12-15 18-21 30-33 90-93 143-146 203-206","Semantic C++ rebuilds the formatted trail date text from month resource, day, separator, and year using VC4 intrinsic strcat expansions and CRT _itoa. Mask covers resource/string globals, LoadStringA IAT, and direct _itoa call displacements."
"FUN_00419660_00019660","Oregon32.exe","0x00419660","0x00019660","0x000000df","","","?OtPrepareDailyStatus_00419660_Product@TrailDailyStatusState_00419660_Product@@QAEXF@Z","","src_otwin_trail_trail_daily_status_message.obj","match","cpp","20-23 33-36 63-66 68-71 76-79 103-106 177-180 204-207","Product C++ match: initializes both embedded date slots and derives travel/status thresholds for months 2 through 7. A separate message-band output is assigned by every continuing switch case; the invalid-month path calls the genuine non-returning FatalAppExitA API with the original diagnostic text. Masks cover only the two date-initializer calls, switch table address, diagnostic string, FatalAppExitA IAT operand, and three random-helper calls."
"OtAdvanceWeatherState_000199a0","Oregon32.exe","0x004199a0","0x000199a0","0x0000019c","","","@OtAdvanceWeatherState_004199a0_ProductWip@4","","src_otwin_trail_trail_daily_state_runtime.obj","match","cpp","17-20 28-31 66-69 101-104 112-115 148-151 166-169 203-206 232-235 265-268","Policy-clean Product C++ match. A one-pointer weather-table storage object preserves the canonical runtime ABI while its indexed accessor reproduces both original pointer reloads; a two-field weather-effects value models the storm and river accumulators. Masks cover only the route/table storage operands, six random-helper call displacements, and the switch jump-table address."
"OtApplyTrailStepProgress_00019bd0","Oregon32.exe","0x00419bd0","0x00019bd0","0x0000016d","","","?OtApplyTrailStepProgress_RealCpp@JourneyState_00419bd0@@QAEXH@Z","","","match","cpp","227-230","Semantic C++ match: applies percent travel progress, clamps remaining segment miles, derives weather/party/oxen travel factors, calls the party-health score, updates daily miles, and stops travel when no effective oxen remain. Mask covers only the direct-call rel32 operand for the health-score call."
"OtAdvancePartyHealthState_00019d40","Oregon32.exe","0x00419d40","0x00019d40","0x00000212","","","@OtAdvancePartyHealthState_00419d40_ProductWip@4","","src_otwin_trail_trail_daily_state_runtime.obj","match","cpp","87-90 221-224 244-247 438-441 450-453 506-509","Product C++ match for advancing daily party health; masks cover direct-call operands only."
"FUN_0041a000_0001a000","Oregon32.exe","0x0041a000","0x0001a000","0x000000fb","","","?OtJourneyInitStateDefaultsMaskClosedFELTDR_0041a000@JourneyStateDefaults_0041a000_20260525@@QAEXXZ","","src_otwin_trail_journey_state_defaults.obj","match","cpp","207-210 214-217 224-227 241-244 246-249","Promoted product VC4 journey-state default initializer; masks cover only first/last route globals, the real OtClearTrailEventById call displacement, and dirty-state globals."
"OtInitializeJourneyRuntime_0001a120","Oregon32.exe","0x0041a120","0x0001a120","0x0000012e","","","_OtInitializeJourneyRuntime_0001a120_ProductWip","","src_otwin_trail_initialize_journey_runtime.obj","match","cpp","12-15 29-32 43-46 74-77 86-89 92-95 105-108 113-116 119-122 129-132 155-158 166-169 184-187 195-198 200-203 207-210 215-218 221-224 227-230 232-235 237-240 243-246 252-255 258-261 269-272 275-278 284-287","Native journey and grave allocation/constructor EH flow, weather resource loading, and route member ABI recovered from original; strict byte matching plus 27 operand identities and both constructor unwind actions verified."
"OtFormatEventAdjustmentList_0001a320","Oregon32.exe","0x0041a320","0x0001a320","0x000000ef","","","?OtFormatEventAdjustmentList_0041a320_RealCpp@EventAdjustmentListFormatter_0041a320@@QAEFPBD@Z","","","match","cpp","10-13 23-26 76-79 83-86 98-101 105-108 169-172 180-183 187-190 222-229","Semantic C++ formats trail event inventory and party-member adjustment text into the shared event argument buffer. Mask covers event-text globals, format-string globals, journey state, resource module, and LoadStringA/wsprintfA IAT operands."
"OtApplyEventAdjustmentList_0001a430","Oregon32.exe","0x0041a430","0x0001a430","0x00000227","","","_OtApplyEventAdjustmentList_0001a430_Wip","","","wip","cpp","","WIP semantic conversion replacing the _emit scaffold; measured 515/551 residual on 2026-05-21 and needs positive-adjustment source-shape follow-up."
"OtApplyLossEventAdjustmentList_0001a660","Oregon32.exe","0x0041a660","0x0001a660","0x00000300","","","?OtApplyLossEventAdjustmentList_0041a660_ProductWip@LossEventAdjustmentList_0041a660_ProductWip@@QAEXXZ","","src_otwin_trail_apply_loss_event_adjustment_list.obj","wip","cpp","2-5 25-28 47-50 69-72 91-94 113-116 135-138 141-144 176-179 269-272 285-288 295-298 351-354 416-419 485-488 511-514 563-566 588-591 615-618 643-646 678-681 736-739","Product-reachable typed thiscall recovery at the original 0x300-byte size and 198-instruction count. The 22 masks cover only original-and-candidate-aligned g_journeyState address operands and pass the strict original-image audit. Declaration-order recovery aligns three additional shortage-block address loads while retaining ordinary semantic C++. The strict residual is 140/680 compared bytes (79.41% matched), and full g_journeyState relocation normalization leaves 134/768 differences (82.55% matched). The clamp prefix remains exact through +0xa8; the row stays WIP pending the remaining register-allocation differences."
"FUN_0041a960_0001a960","Oregon32.exe","0x0041a960","0x0001a960","0x0000011a","","","?OtWouldExceedInventoryLimit_0041a960_RealCpp@TradeAdjustmentList_00427d70@@QAEHFF@Z","","src_otwin_trail_inventory_limit_check_20260604.obj","match","cpp","17-20 22-25 58-61 94-97 132-135 164-167 196-199 228-231 234-237","Product TradeAdjustmentList member checks whether a proposed inventory addition exceeds category caps. Original callers prove an ECX receiver plus two callee-cleaned short arguments; reviewed mask remains limited to the switch table and g_journeyState operands."
"OtPrepareMessagePronounSet_0001aac0","Oregon32.exe","0x0041aac0","0x0001aac0","0x0000015f","","","?OtPrepareMessagePronounSet_0001aac0_Wip@TrailEventTextRuntime_0041aac0_20260603@@QAEXF@Z","","","match","cpp","35-38 40-43 89-92 101-104 131-134 146-149 164-167 185-188 206-209 227-230 248-251 268-271 284-287 299-302 304-307","Promoted 2026-06-03 to a product-tree semantic pronoun cache refresh shape; mask covers only journey/resource globals, USER32 import operands, and OtCountLivingPartyMembers direct-call displacements."
"OtFormatGameMessageText_0001ac80","Oregon32.exe","0x0041ac80","0x0001ac80","0x0000029d","","","?OtFormatGameMessageText_0001ac80_ProductWip@TrailEventTextRuntime_0041aac0_20260603@@QAEPADH@Z","","src_otwin_trail_format_game_message_text.obj","wip","cpp","14-17 52-55 90-93 106-109 116-119 123-126 222-225 315-318 321-324 327-330 335-338 384-387 391-394 606-609 632-635","Product semantic WIP expands the original placeholder language into both event-text buffers, including pronoun selection and delayed death-date prefixes, and now calls the canonical accepted game-date dependency. The isolated VC4 candidate has 63 hard bytes after validated call, import, and data-address masks; the remaining switch-tail merge differs without clean semantic source shaping."
"OtAboutDialogProc_0001afa0","Oregon32.exe","0x0041afa0","0x0001afa0","0x00000b48","","","_OtAboutDialogProc_0041afa0_Product@16","","src_otwin_app_application_menu_dialog_callbacks.obj","wip","cpp","","Product semantic stdcall About dialog callback with real bitmap and sprite ownership, rotating text, timer animation, palette handling, audio transitions, and teardown. Exact VC4 source shaping remains open."
"OtTitleDialogProc_0001baf0","Oregon32.exe","0x0041baf0","0x0001baf0","0x0000061b","","","_OtTitleDialogProc_0001baf0_Wip@16","","src_otwin_app_title_dialog_callback.obj","wip","cpp","","Product semantic stdcall Title dialog callback with typed state ownership, leaderboard painting, saved-game flow, timers, audio, and teardown; exact VC4 source shaping remains open."
"switchD_0041bbbb__caseD_3b9_0001bf92","Oregon32.exe","0x0041bf92","0x0001bf92","0x0000018c","","","_OtTitleDialogCase3b9_0001bf92_Wip","","","wip","cpp","","WIP semantic conversion replacing the _emit scaffold; measured 385/396 residual on 2026-05-21 in the drain-to-0 scaffold rewrite and needs source-shape follow-up."
"OtPopulateTitleLeaderboard_0001c210","Oregon32.exe","0x0041c210","0x0001c210","0x00000200","","","_OtPopulateTitleLeaderboard_0041c210_Product","","src_otwin_app_populate_title_leaderboard_20260605.obj","match","cpp","23-26 85-88 92-95 111-114 129-132 136-139 172-175 181-184 188-191 239-242 269-272 304-307 315-318 334-337 341-344 375-378 384-387 391-394 438-441 445-448 475-478 484-487 491-494","Product C++ match for loading and populating the title leaderboard with a functional profile-backed score-list dependency; masks cover imports, data addresses, and direct calls only."
"OtInitTitleDialog_0001c410","Oregon32.exe","0x0041c410","0x0001c410","0x00000335","","","_OtInitTitleDialog_0041c410_RealCpp","","src_otwin_app_init_title_dialog.obj","match","cpp","12-15 38-41 64-67 76-79 88-91 100-103 115-118 130-133 147-150 158-161 177-180 191-194 202-205 213-216 224-227 232-235 255-258 260-263 267-270 274-277 282-285 312-315 319-322 325-328 394-397 410-413 440-443 462-465 471-474 485-488 496-499 505-508 516-519 528-531 539-542 551-554 562-565 570-573 581-584 590-593 601-604 613-616 632-635 654-657 664-667 671-674 681-684 689-692 695-698 703-706 710-713 716-719 726-729 739-742 760-763 790-793 800-803 812-815","Product C++ match: constructs the title dialog state, lays out and scales title controls, loads bitmap and rectangle resources, starts theme playback and the title timer, and populates the leaderboard. All 58 masks are validated full address operands only."
"FUN_0041c760_0001c760","Oregon32.exe","0x0041c760","0x0001c760","0x000001bc","","","_OtTitleLeaderboardPaint_0001c760_Wip","","","wip","cpp","","WIP semantic conversion replacing the _emit scaffold; measured 430/444 residual on 2026-05-21 in the drain-to-0 scaffold rewrite and needs source-shape follow-up."
"OtTrailDivideDialogProc_0001c980","Oregon32.exe","0x0041c980","0x0001c980","0x000006b2","","","_OtTrailDivideDialogProc_0041c980_ProductWip@16","","src_otwin_trail_trail_divide_dialog_runtime.obj","match","cpp","12-15 152-155 218-221 227-230 244-247 251-254 272-275 283-286 294-297 305-308 316-319 322-325 337-340 354-357 363-366 371-374 377-380 384-387 391-394 405-408 411-414 431-434 451-454 459-462 466-469 482-485 491-494 503-506 521-524 528-531 551-554 560-563 571-574 581-584 629-632 647-650 688-691 706-709 741-744 759-762 775-778 792-795 799-802 805-808 840-843 846-849 860-863 871-874 878-881 934-937 941-944 1001-1004 1011-1014 1034-1037 1046-1049 1058-1061 1070-1073 1088-1091 1099-1102 1110-1113 1121-1124 1141-1144 1146-1149 1153-1156 1160-1163 1168-1171 1189-1192 1232-1235 1241-1244 1251-1254 1260-1263 1270-1273 1279-1282 1296-1299 1305-1308 1315-1318 1324-1327 1334-1337 1343-1346 1353-1356 1362-1365 1372-1375 1393-1396 1417-1420 1432-1435 1437-1440 1446-1449 1462-1465 1510-1513 1523-1526 1549-1552 1554-1557 1561-1564 1584-1587 1600-1603 1623-1626 1640-1643 1648-1651 1655-1658 1664-1667 1673-1676 1678-1681 1686-1689 1691-1694","Trail divide dialog closes structurally after case 0x2b reuses the assigned draw-item local (releasing the lparam home-register binding) and the dc local moves first in the declaration list, restoring the original EBX/EDI tie-breaks. The 104 masks cover only relocated data-address, IAT, and direct-call operands."
"OtStatusDialogProc_0001d040","Oregon32.exe","0x0041d040","0x0001d040","0x000003c0","","","_OtStatusDialogProc_0041d040_ProductWip@16","","src_otwin_trail_status_dialog_proc_runtime.obj","match","cpp","12-15 160-163 202-205 219-222 228-231 233-236 243-246 248-251 260-263 267-270 283-286 288-291 293-296 301-304 312-315 318-321 333-336 349-352 358-361 366-369 372-375 379-382 386-389 400-403 406-409 437-440 445-448 452-455 468-471 481-484 493-496 506-509 513-516 536-539 545-548 556-559 566-569 612-615 652-655 685-688 696-699 713-716 720-723 729-732 734-737 746-749 785-788 800-803 808-811 815-818 824-827 833-836 838-841 844-847 860-863 893-896 902-905 909-912 918-921 929-932","Authentic VC4 /GX C++ status dialog callback: native owned bitmap destruction, saved placement, palette painting, cursor state, owner-drawn close button, initialization and status refresh. Full 960-byte envelope matches with only 60 relocated address/call operands masked. evidence/status-callback-operands.csv and verify-main-window-operands.py verify imports, data/string/callee identities and the complete two-state native C++ unwind map. Internal branches and register operands remain unmasked."
"FUN_0041d400_0001d400","Oregon32.exe","0x0041d400","0x0001d400","0x00000237","","","_OtInitializeStatusDialog_0041d400","","src_otwin_trail_initialize_status_dialog.obj","match","cpp","12-15 32-35 64-67 70-73 84-87 93-96 98-101 120-123 127-130 178-181 185-188 277-280 290-293 317-320 329-332 351-354 363-366 381-384 389-392 409-412 414-417 421-424 428-431 436-439 462-465 470-473 480-483 489-492 499-502 520-523 535-538 542-545 561-564","Recovered status placement, scaling and close-button ownership; 33 relocated operands and native exception metadata verified."
"FUN_0041d650_0001d650","Oregon32.exe","0x0041d650","0x0001d650","0x00000d1d","","","_OtPopulateStatusDialog_0041d650","","src_otwin_trail_populate_status_dialog.obj","match","cpp","15-18 90-93 109-112 117-120 141-144 148-151 172-175 178-181 190-193 252-255 259-262 284-287 298-301 318-321 325-328 351-354 361-364 368-371 430-433 437-440 462-465 468-471 481-484 556-559 573-576 620-623 631-634 643-646 705-708 712-715 717-720 729-732 736-739 761-764 767-770 780-783 861-864 882-885 929-932 940-943 952-955 1014-1017 1021-1024 1046-1049 1052-1055 1064-1067 1126-1129 1133-1136 1158-1161 1172-1175 1180-1183 1252-1255 1272-1275 1324-1327 1336-1339 1342-1345 1404-1407 1411-1414 1436-1439 1442-1445 1454-1457 1516-1519 1523-1526 1548-1551 1554-1557 1567-1570 1634-1637 1668-1671 1715-1718 1726-1729 1738-1741 1800-1803 1807-1810 1833-1836 1843-1846 1850-1853 1912-1915 1919-1922 1944-1947 1950-1953 1963-1966 2030-2033 2060-2063 2107-2110 2118-2121 2130-2133 2192-2195 2199-2202 2204-2207 2216-2219 2223-2226 2248-2251 2262-2265 2314-2317 2327-2330 2344-2347 2351-2354 2356-2359 2368-2371 2375-2378 2400-2403 2414-2417 2466-2469 2479-2482 2496-2499 2503-2506 2508-2511 2520-2523 2527-2530 2545-2548 2584-2587 2626-2629 2638-2641 2658-2661 2665-2668 2683-2686 2744-2747 2749-2752 2758-2761 2810-2813 2823-2826 2842-2845 2849-2852 2864-2867 2910-2913 2955-2958 3019-3022 3026-3029 3045-3048 3081-3084 3114-3117 3121-3124 3140-3143 3154-3157 3161-3164 3166-3169 3181-3184 3188-3191 3222-3225 3239-3242 3247-3250 3264-3267 3271-3274 3296-3299 3314-3317 3321-3324 3338-3341 3345-3348","Complete status text population: strict match and 148 operand identities verified; wagon-weight calculation remains an explicitly identified WIP dependency."
"OtDropSuppliesDialogProc_0001ead0","Oregon32.exe","0x0041ead0","0x0001ead0","0x0000049d","","","_OtDropSuppliesDialogProc_0041ead0_ProductWip@16","","src_otwin_trail_drop_supplies_dialog_runtime.obj","wip","cpp","","Honest Product dialog-proc WIP recovered from the previously unclassified callback label; covers inventory display, selection validation and mutation, palette painting, owner draw, focus, and close behavior with the original stdcall ABI."
"FUN_0041efb0_0001efb0","Oregon32.exe","0x0041efb0","0x0001efb0","0x0000091e","","","_OtInitializeDropSuppliesDialog_0041efb0","","src_otwin_trail_initialize_drop_supplies_dialog.obj","match","cpp","12-15 35-38 64-67 70-73 84-87 96-99 101-104 126-129 133-136 202-205 209-212 307-310 320-323 347-350 372-375 399-402 409-412 416-419 497-500 505-508 577-580 584-587 608-611 621-624 649-652 656-659 680-683 691-694 697-700 768-771 783-786 858-861 865-868 889-892 913-916 941-944 948-951 972-975 982-985 989-992 1060-1063 1075-1078 1150-1153 1157-1160 1181-1184 1194-1197 1222-1225 1229-1232 1253-1256 1263-1266 1270-1273 1341-1344 1356-1359 1431-1434 1438-1441 1462-1465 1475-1478 1503-1506 1510-1513 1534-1537 1544-1547 1551-1554 1622-1625 1637-1640 1712-1715 1719-1722 1743-1746 1756-1759 1770-1773 1783-1786 1790-1793 1850-1853 1857-1860 1881-1884 1904-1907 1926-1929 1933-1936 1954-1957 1961-1964 1971-1974 1997-2000 2009-2012 2023-2026 2035-2038 2052-2055 2063-2066 2074-2077 2082-2085 2102-2105 2107-2110 2114-2117 2121-2124 2129-2132 2155-2158 2163-2166 2173-2176 2182-2185 2192-2195 2201-2204 2211-2214 2220-2223 2239-2242 2260-2263 2284-2287 2299-2302 2306-2309 2325-2328","Recovered supply labels, placement, scaling and four bitmap buttons; 107 relocated operands and native exception metadata verified."
"FUN_0041f8f0_0001f8f0","Oregon32.exe","0x0041f8f0","0x0001f8f0","0x000000c6","","","_OtTalkDialogResponsePaint_0041f8f0_RealCpp","","","match","cpp","13-16 97-100 103-106 111-114 118-121 168-171 185-188","Semantic C++ match: builds the talk-dialog response message from a fixed prefix, response string resource, fixed suffix, and caption before dispatching the shared message dialog. Mask covers only fixed-string/global operands, LoadStringA/string-length call operands, and the direct shared-dialog call displacement."
"FUN_0041f9c0_0001f9c0","Oregon32.exe","0x0041f9c0","0x0001f9c0","0x0000033a","","","_OtTalkDialogChoiceDispatch_0001f9c0_Wip","","","wip","cpp","","WIP semantic conversion replacing the _emit scaffold; measured 798/826 residual on 2026-05-21 in the drain-to-0 scaffold rewrite and needs source-shape follow-up."
"OtTalkDialogProc_00021020","Oregon32.exe","0x00421020","0x00021020","0x00000a3c","","","_OtTalkDialogProc_00421020_ProductWip@16","","src_otwin_trail_talk_dialog_runtime.obj","wip","cpp","","Complete Product C++ Talk dialog semantics with the original stdcall ABI, eight owned positioned bitmaps, owner-drawn controls, optional spoken dialog, saved placement, and natural /GX cleanup. The current maskless linked result is 1451/2620 after 20 policy-clean variants and is frozen pending authentic shared-frame or destructor-ownership evidence."
"OtTrailEventDialogProc_00021a80","Oregon32.exe","0x00421a80","0x00021a80","0x000005fa","","","_OtTrailEventDialogProc_00021a80_Wip","","","wip","cpp","","WIP semantic conversion replacing the _emit scaffold; measured 1485/1530 residual on 2026-05-21 in the drain-to-50 scaffold rewrite and needs source-shape follow-up."
"OtInitTrailEventDialog_00022120","Oregon32.exe","0x00422120","0x00022120","0x000006ab","","","_OtInitTrailEventDialog_00422120_RealCpp","","src_otwin_trail_init_trail_event_dialog.obj","match","cpp","12-15 35-38 61-64 67-70 81-84 90-93 95-98 117-120 124-127 175-178 182-185 269-272 282-285 298-301 314-317 330-333 346-349 356-359 374-377 381-384 420-423 431-434 447-450 454-457 463-466 534-537 541-544 557-560 564-567 627-630 634-637 652-655 659-662 666-669 678-681 688-691 701-704 716-719 742-745 754-757 766-769 778-781 793-796 808-811 823-826 838-841 853-856 874-877 888-891 902-905 916-919 930-933 941-944 952-955 963-966 971-974 991-994 996-999 1003-1006 1010-1013 1018-1021 1028-1031 1036-1039 1046-1049 1055-1058 1065-1068 1074-1077 1084-1087 1093-1096 1103-1106 1115-1118 1125-1128 1137-1140 1147-1150 1159-1162 1169-1172 1187-1190 1194-1197 1214-1217 1222-1225 1229-1232 1237-1240 1250-1253 1260-1263 1287-1290 1317-1320 1341-1344 1365-1368 1374-1377 1387-1390 1400-1403 1408-1411 1422-1425 1433-1436 1455-1458 1462-1465 1475-1478 1483-1486 1493-1496 1499-1502 1510-1513 1518-1521 1525-1528 1531-1534 1541-1544 1552-1555 1561-1564 1572-1575 1583-1586 1590-1593 1597-1600 1604-1607 1611-1614 1616-1619 1627-1630 1634-1637 1645-1648 1661-1664 1668-1671 1687-1690","Product C++ match: authentic Win32 dialog setup, nine bitmap descriptors with VC4 EH cleanup funclets, resource/audio initialization, and inline CRect-style height semantics. All 120 masks are independently validated full address operands only."
"OtPaintTrailEventDialog_000227f0","Oregon32.exe","0x004227f0","0x000227f0","0x000001e5","","","_OtPaintTrailEventDialog_000227f0_Wip","","","wip","cpp","","WIP semantic conversion replacing the _emit scaffold; measured 473/485 residual on 2026-05-21 in the drain-to-100 scaffold rewrite and needs source-shape follow-up."
"OtRiverCrossingChoiceDialogProc_000229e0","Oregon32.exe","0x004229e0","0x000229e0","0x00000e4a","","","_OtRiverCrossingChoiceDialogProc_004229e0_ProductWip@16","","src_otwin_river_river_crossing_choice_dialog_runtime.obj","wip","cpp","","Complete Product C++ River Crossing Choice dialog semantics with natural 0x234-byte state ownership, all original message branches, the authentic Product help callback, function-scope Win32 locals, original owner-draw defaults, canonical unsigned route ID, and recovered fractional-depth global reload; the third VC4 /GX source-shape pass measures 2827/3658 strict residual on 2026-07-18 and pauses at the untyped zero-only stack region."
"OtRiverCrossingHelpDialogProc_00023880","Oregon32.exe","0x00423880","0x00023880","0x00000518","","","_OtRiverCrossingHelpDialogProc_00423880_ProductWip@16","","src_otwin_river_river_crossing_help_dialog_runtime.obj","wip","cpp","","Complete Product C++ River Crossing Help dialog semantics with the original stdcall ABI, 0x50-byte bitmap-owner state, natural VC4 /GX cleanup, function-scope Win32 locals, and original command/draw topology. The maskless result remains 908/1304 after eight meaningful variants and is frozen pending canonical application-module ownership plus new lifetime/type evidence."
"OtStartDateDialogProc_00023da0","Oregon32.exe","0x00423da0","0x00023da0","0x00000946","","","_OtStartDateDialogProc_00023da0_Wip@16","","src_otwin_trail_start_date_dialog_callback.obj","wip","cpp","","Product semantic stdcall Start Date dialog callback with typed state ownership, date selection, painting, commands, and teardown; exact VC4 source shaping remains open."
"OtInitStartDateDialog_00024730","Oregon32.exe","0x00424730","0x00024730","0x00000685","","","_OtInitStartDateDialog_00424730","","src_otwin_trail_initialize_start_date_dialog.obj","match","cpp","12-15 25-28 46-49 57-60 64-67 109-112 115-118 141-144 157-160 173-176 189-192 205-208 221-224 237-240 253-256 269-272 285-288 301-304 317-320 333-336 349-352 362-365 392-395 404-407 416-419 428-431 443-446 458-461 473-476 488-491 503-506 518-521 533-536 548-551 563-566 578-581 593-596 608-611 623-626 640-643 655-658 678-681 692-695 706-709 720-723 734-737 748-751 762-765 776-779 790-793 804-807 818-821 832-835 846-849 860-863 874-877 885-888 896-899 907-910 915-918 935-938 940-943 947-950 954-957 962-965 984-987 997-1000 1005-1008 1015-1018 1024-1027 1034-1037 1043-1046 1053-1056 1062-1065 1083-1086 1107-1110 1120-1123 1132-1135 1142-1145 1154-1157 1164-1167 1176-1179 1186-1189 1198-1201 1208-1211 1220-1223 1230-1233 1242-1245 1252-1255 1264-1267 1274-1277 1286-1289 1296-1299 1308-1311 1318-1321 1330-1333 1340-1343 1352-1355 1362-1365 1374-1377 1384-1387 1396-1399 1406-1409 1418-1421 1428-1431 1440-1443 1450-1453 1477-1480 1507-1510 1537-1540 1567-1570 1597-1600 1627-1630 1657-1660","Original nineteen-member bitmap owner and controls recovered; strict matching, 114 operand identities and complete unwind metadata verified. Existing native bitmap lifecycle dependencies are semantic implementations, not newly credited aliases."
"OtWillametteValleySummaryDialogProc_00024f50","Oregon32.exe","0x00424f50","0x00024f50","0x00000441","","","_OtWillametteValleySummaryDialogProc_00424f50_ProductWip@16","","src_otwin_trail_willamette_valley_summary_dialog_runtime.obj","wip","cpp","","Isolated Product C++ implements the genuine stdcall score-summary callback, three-bitmap ownership, score-sheet painting, owner-draw close button, and title-flow dismissal. Exact VC4 source shaping remains open."
"OtInitWillametteValleySummaryDialog_000253a0","Oregon32.exe","0x004253a0","0x000253a0","0x00000eb3","","","_OtInitWillametteValleySummaryDialog_004253a0_ProductWip","","src_otwin_trail_init_willamette_valley_summary_dialog.obj","wip","cpp","","Isolated Product C++ reconstructs the Willamette score breakdown, leaderboard update, dialog layout, and three-bitmap state initialization. Exact VC4 source shaping remains open."
"FUN_00426270_00026270","Oregon32.exe","0x00426270","0x00026270","0x000003de","","","??0RiverTradeDialogState_004277b0_20260604@@QAE@XZ","","src_otwin_river_river_choice_loss_summary_20260605.obj","wip","cpp","","Product C++ river/trade dialog-state constructor promoted from semantic ProbeB; uses canonical global operator-new plus real raw-bitmap and sprite constructor/reset dependencies. A 2026-07-17 focused correction of all three allocation sites preserved the 604/990 residual exactly, so the lane is paused pending new EH/register-allocation evidence."
"FUN_004267b0_000267b0","Oregon32.exe","0x004267b0","0x000267b0","0x000000d0","","","_OtRaftingObstacleSpawn_000267b0_Wip","","","wip","cpp","","WIP semantic conversion replacing the _emit scaffold; measured 204/208 residual on 2026-05-21 in the drain-to-0 scaffold rewrite and needs source-shape follow-up."
"FUN_00426880_00026880","Oregon32.exe","0x00426880","0x00026880","0x00000249","","","?OtRaftingObstacleAdvance_00426880_RealCpp@RaftingObstacleAdvanceState_00426880@@QAEHPAX@Z","","","match","cpp","452-455 515-518 532-535 556-559","Semantic C++ match: advances the active rafting obstacle sprite along the local x-coordinate table, redraws its saved/composited buffer, blits it, and returns true when the sequence reaches frame 0x39. Mask covers only the timeGetTime import operand and direct sprite-helper call displacements."
"FUN_00426c20_00026c20","Oregon32.exe","0x00426c20","0x00026c20","0x000002a1","","","_OtRaftingRoundStateUpdate_00026c20_Wip","","","wip","cpp","","WIP semantic conversion replacing the _emit scaffold; measured 655/673 residual on 2026-05-21 in the drain-to-0 scaffold rewrite and needs source-shape follow-up."
"OtResolveRaftObstacleCollision_00026ed0","Oregon32.exe","0x00426ed0","0x00026ed0","0x000001d6","","","_OtResolveRaftObstacleCollision_00026ed0_Wip","","","wip","cpp","","WIP semantic conversion replacing the _emit scaffold; measured 457/470 residual on 2026-05-21 in the drain-to-100 scaffold rewrite and needs source-shape follow-up."
"OtRunRaftingRoundLoop_000270b0","Oregon32.exe","0x004270b0","0x000270b0","0x0000028a","","","?OtRunRaftingRoundLoop_Product_004270b0@RiverTradeDialogState_004277b0_20260604@@QAEHPAX@Z","","src_otwin_river_rafting_dialog_callback.obj","match","cpp","28-31 37-40 46-49 54-57 65-68 71-74 79-82 112-115 155-158 165-168 178-181 198-201 217-220 228-231 249-252 306-309 321-324 344-347 355-358 366-369 378-381 389-392 412-415 418-421 425-428 436-439 441-444 461-464 469-472 476-479 482-485 490-493 530-533 554-557 578-581 584-587 618-621 624-627 632-635","Product semantic C++ match for the thiscall rafting round loop, including palette/audio/message pumping, obstacle sequencing, collision loss/restart/redraw, and ret-4 ABI. The mask contains only 39 complete address operands; paired schema-4 shape, original operand provenance, imports, globals, and every non-import direct target were reviewed. The 0x267b0/0x26c20 rafting and 0x106e0/0x10840/0x10a30 sprite callees are the intended Product semantic owners but retain their own independent WIP byte-recovery status."
"OtRaftingDialogProc_00027340","Oregon32.exe","0x00427340","0x00027340","0x00000395","","","_OtRaftingDialogProc_00027340_Wip@16","","src_otwin_river_rafting_dialog_callback.obj","wip","cpp","","Product semantic stdcall Rafting dialog callback with typed state ownership, timer and input routing, painting, and teardown; exact VC4 source shaping remains open."
"FUN_004277b0_000277b0","Oregon32.exe","0x004277b0","0x000277b0","0x00000123","","","_OtTradeOfferListCursor_000277b0_20260604_SetupDialog","","src_otwin_river_trade_offer_list_cursor_20260605.obj","match","cpp","12-15 40-43 47-50 55-58 104-107 121-124 152-155 172-175 177-180 184-187 191-194 199-202 228-231 235-238 244-247 255-258 265-268 285-288","Product C++ trade-offer dialog setup; masks cover only EH handler, imported-address, direct-call, and data/global operands."
"OtBuildTradeOffer_00027950","Oregon32.exe","0x00427950","0x00027950","0x0000037d","","","_OtBuildTradeOffer_00427950_ProductWip@8","","src_otwin_river_commit_accepted_trade_offer.obj","wip","cpp","","Product C++ trade-offer builder in the canonical adjacent trade-state/commit owner; stdcall two-short ABI and strict source shaping remain under review."
"OtCommitAcceptedTradeOffer_00027d70","Oregon32.exe","0x00427d70","0x00027d70","0x000000e8","","","_OtCommitAcceptedTradeOffer_00027d70_RealCpp","","","match","cpp","12-15 38-41 64-67 80-83 111-114 126-129 133-136 144-147 151-154 158-161 169-172 179-182 184-187 190-193 199-202 222-225","Semantic VC4 /GX C++ accepted-trade commit helper in src/otwin/river/commit_accepted_trade_offer.cpp. It allocates and clears two 13-entry adjustment lists, applies offered and received item deltas, formats message 0x450, deletes both lists, and marks the trade offer accepted. Mask covers only EH state offsets and relocation/direct-call operands."
"FUN_00427f40_00027f40","Oregon32.exe","0x00427f40","0x00027f40","0x000000db","","","?OtRiverCrashDialogPrelude_Product_00427f40@RiverCrashPreludeState_00427f40_Product@@QAEXI@Z","","src_otwin_river_river_crossing_backdrop_dispatch.obj","match","cpp","","Product C++ byte-identical match: advances the river crash prelude sprites on even ticks and activates wake, foam, and splash sprite state without any mask."
"OtAdvanceRiverCrashVariantA_00028020","Oregon32.exe","0x00428020","0x00028020","0x00000151","","","?OtAdvanceRiverCrashVariantA_Product_00428020@RiverCrashState_00428020_Product@@QAEXI@Z","","src_otwin_river_river_crossing_backdrop_dispatch.obj","match","cpp","139-142 151-154","Product C++ match: advances river crash variant A through typed sprite state and the real wave-audio/crash-sound dependencies. Mask covers only the relocated wave-audio global operand and direct crash-sound call displacement."
"OtAdvanceRiverCrashVariantB_000281c0","Oregon32.exe","0x004281c0","0x000281c0","0x0000011d","","","?OtAdvanceRiverCrashVariantB_Product_004281c0@RiverCrashState_00428020_Product@@QAEXI@Z","","src_otwin_river_river_crossing_backdrop_dispatch.obj","match","cpp","139-142 151-154","Product C++ match: advances river crash variant B through typed sprite state and the real wave-audio/crash-sound dependencies. Mask covers only the relocated wave-audio global operand and direct crash-sound call displacement."
"OtAdvanceRiverCrashVariantC_00028370","Oregon32.exe","0x00428370","0x00028370","0x00000106","","","?OtAdvanceRiverCrashVariantC_Product_00428370@RiverCrashState_00428020_Product@@QAEXI@Z","","src_otwin_river_river_crossing_backdrop_dispatch.obj","match","cpp","177-180 185-188","Product C++ match: advances river crash variant C through typed sprite state and the real wave-audio/crash-sound dependencies. Mask covers only the relocated wave-audio global operand and direct crash-sound call displacement."
"OtCreateRiverCrossingState_000285a0","Oregon32.exe","0x004285a0","0x000285a0","0x000005c5","","","??0RiverCrossingState_004285a0_ProductWip@@QAE@PAXFF@Z","","src_otwin_river_river_crossing_state_runtime.obj","wip","cpp","","Product semantic river-crossing state constructor with direct resource, bitmap, sprite, caption-window, and audio initialization. Explicit nested choice normalization plus authentic wagon and crossing sprite locals improves the full maskless linked residual from 1224 to 662 bytes on the 55pct-v6 graph. The retained body has 423 instructions through ret 0Ch versus 422 original; the six-variant dossier records rejected ternary and single-local shapes, and no semantic bytes are masked."
"OtDestroyRiverCrossingState_00028bf0","Oregon32.exe","0x00428bf0","0x00028bf0","0x0000017f","","","?OtDestroyRiverCrossingState_Product_00428bf0@RiverCrossingState_004285a0_ProductWip@@QAEXXZ","","src_otwin_river_river_crossing_state_runtime.obj","match","cpp","2-5 15-18 29-32 39-42 53-56 63-66 80-83 86-89 116-119 122-125 152-155 158-161 188-191 194-197 224-227 230-233 278-281 284-287 304-307 310-313 330-333 336-339 356-359 362-365 375-378","Product C++ match: destroys typed river-crossing resources through the real audio close, bitmap/sprite cleanup, operator delete, Win32 resource, heap, and window dependencies. Masks cover only validated data/import operands and direct-call displacements."
"OtWhoAmIDialogProc_00028f00","Oregon32.exe","0x00428f00","0x00028f00","0x00000594","","","_OtWhoAmIDialogProc_00028f00_Wip@16","","src_otwin_app_who_am_i_dialog_callback.obj","wip","cpp","","Product semantic stdcall Who Am I dialog callback with typed state ownership, occupation choice, painting, commands, and teardown; exact VC4 source shaping remains open."
"OtCommitWhoAmISelections_000294a0","Oregon32.exe","0x004294a0","0x000294a0","0x000001a7","","","_OtCommitWhoAmISelections_000294a0_Wip","","","wip","cpp","","WIP semantic conversion replacing the _emit scaffold; measured 421/423 residual on 2026-05-21 in the drain-to-100 scaffold rewrite and needs source-shape follow-up."
"OtInitWhoAmIDialog_00029650","Oregon32.exe","0x00429650","0x00029650","0x00000406","","","_OtInitWhoAmIDialog_00429650_RealCpp","","src_otwin_app_init_who_am_i_dialog.obj","match","cpp","12-15 40-43 47-50 55-58 116-119 144-147 176-179 205-208 229-232 248-251 269-272 278-281 307-310 323-326 347-350 384-387 391-394 421-424 435-438 448-451 475-478 495-498 521-524 533-536 545-548 557-560 572-575 589-592 604-607 623-626 637-640 651-654 662-665 673-676 684-687 692-695 715-718 720-723 727-730 734-737 742-745 768-771 776-779 786-789 795-798 805-808 814-817 824-827 833-836 843-846 855-858 865-868 877-880 887-890 899-902 912-915 936-939 963-966 996-999 1014-1017 1021-1024","Product C++ match: lays out the Who Am I dialog, labels party and occupation controls, constructs seven bitmap descriptors with VC4 EH cleanup, loads button art, and restores focus. All 61 masks are validated full address operands only."
"FUN_00429a70_00029a70","Oregon32.exe","0x00429a70","0x00029a70","0x000001e0","","","_OtWhoAmIFieldFocus_00029a70_Wip","","","wip","cpp","","WIP semantic conversion replacing the _emit scaffold; measured 467/480 residual on 2026-05-21 in the drain-to-0 scaffold rewrite and needs source-shape follow-up."
"OtOccupationInfoDialogProc_00029c50","Oregon32.exe","0x00429c50","0x00029c50","0x00000770","","","_OtOccupationInfoDialogProc_00029c50_Wip","","","wip","cpp","","WIP semantic conversion replacing the _emit scaffold; measured 1853/1904 residual on 2026-05-21 in the drain-to-50 scaffold rewrite and needs source-shape follow-up."
"OtValidateTrailContinueRequest_0002a590","Oregon32.exe","0x0042a590","0x0002a590","0x000000f0","","","_OtValidateTrailContinueRequestAlt3_0042a590_RealCpp@4","","","match","cpp","2-5 22-25 49-52 54-57 60-63 84-87 89-92 95-98 119-122 124-127 130-133 145-148 150-153 171-174 186-189 197-200 203-206 221-224 227-230","Semantic C++ validates whether trail travel may continue, reports the no-party/no-food/no-oxen/death/health stop reasons through the shared message dialog, and returns the continue decision. Mask covers global, string, and direct-call address operands."
"OtUpdateTrailModeAfterAction_0002a790","Oregon32.exe","0x0042a790","0x0002a790","0x00000106","","","?OtUpdateTrailModeAfterAction_20260603_RealCpp@TrailModeState_0042a790_20260603@@QAEHPAX@Z","","src_otwin_trail_update_trail_mode_after_action_20260604.obj","match","cpp","5-8 19-22 27-30 33-36 41-44 47-50 55-58 62-65 79-82 91-94 97-100 107-110 121-124 127-130 160-163 168-171 185-188 193-196 205-208 220-223 228-231 239-242","Policy-clean Product C++ match: a semantic if/else-if trail-mode decision chain closes under stock VC4 /O1 with no volatile reads or backend diagnostics; masks cover only data-address and direct-call operands."
"OtResumeTrailTravelView_0002a950","Oregon32.exe","0x0042a950","0x0002a950","0x00000169","","","?OtResumeTrailTravelView_20260603_RealCpp@TrailResumeState_0042a950_20260603@@QAEHPAXHH@Z","","src_otwin_trail_resume_trail_travel_view_20260603.obj","match","cpp","13-16 22-25 28-31 39-42 67-70 128-131 146-149 159-162 169-172 201-204 207-210 215-218 223-226 230-233 238-241 243-246 254-257 260-263 277-280 289-292 296-299 314-317 323-326 331-334 348-351","Product C++ trail-view resume path calls canonical scene, progress, action-control, pace-theme, and pause implementations with no dependency bodies."
"OtPaintTrailScene_0002aad0","Oregon32.exe","0x0042aad0","0x0002aad0","0x000001e8","","","?OtPaintTrailScene_20260605_RealCpp@TrailPaintState_0042aad0_20260605@@QAEXPAX0@Z","","","match","cpp","21-24 47-50 61-64 102-105 143-146 172-175 188-191 196-199 203-206 212-215 229-232 237-240 245-248 257-260 277-280 296-299 307-310 323-326 339-342 357-360 374-377 402-405 463-466 474-477","Semantic C++ match: paints the main trail scene, clips child UI regions, refreshes travel metrics/caption/gauge state, dispatches river/overlay/travel-scene painting, and restores the diary caret. Masks cover only GDI/USER32 IAT operands, recovered helper direct-call displacements, and two global data operands."
"OtDrawTrailConditionGauge_0002ad80","Oregon32.exe","0x0042ad80","0x0002ad80","0x000001f4","","","?OtDrawTrailConditionGauge_0042ad80_ProductWip@TrailConditionGaugeState_0042ad80_ProductWip@@QAEXPAX@Z","","src_otwin_trail_draw_trail_condition_gauge_runtime.obj","wip","cpp","","Product semantic condition-gauge drawing with canonical palette/font/brush state and direct GDI calls; pending VC4 source-shape measurement."
"OtDrawTrailSceneCaption_0002af80","Oregon32.exe","0x0042af80","0x0002af80","0x0000012a","","","?OtDrawTrailSceneCaptionDirect_0042af80_RealCpp@TrailSceneCaptionState_0042af80_20260603@@QAEXPAX@Z","","src_otwin_trail_draw_trail_scene_caption_direct_20260603.obj","match","cpp","16-19 38-41 66-69 103-106 111-114 123-126 128-131 136-139 149-152 177-180 191-194 198-201 264-267 272-275 284-287","Promoted 2026-06-03 to a product-tree semantic caption drawing shape; mask covers only globals, the positioned-bitmap direct-call displacement, and GDI/USER32 import operands."
"OtHandleDropSuppliesAction_0002b0b0","Oregon32.exe","0x0042b0b0","0x0002b0b0","0x000002b6","","","?OtHandleDropSuppliesAction_20260603@TrailDialogState_0042b0b0_20260603@@QAEXPAX@Z","","","match","cpp","45-48 50-53 57-60 95-98 119-122 130-133 137-140 188-191 245-248 302-305 321-324 331-334 359-362 407-410 455-458 547-550 554-557 618-621 626-629 632-635 650-653 658-661 677-680","Readable product-tree semantic C++ closure in src/otwin/trail/handle_drop_supplies_action_20260604.cpp; masks cover only globals, string/data addresses, IAT operands, and direct-call displacements."
"OtHandleChangePaceAction_0002b3d0","Oregon32.exe","0x0042b3d0","0x0002b3d0","0x0000023c","","","?OtHandleChangePaceAction_20260603@TrailDialogState_0042b3d0_20260603@@QAEXPAX@Z","","src_otwin_trail_handle_change_pace_action_20260605.obj","match","cpp","7-10 47-50 52-55 59-62 82-85 98-101 109-112 127-130 171-174 176-179 187-190 194-197 239-242 256-259 263-266 269-272 279-282 332-335 356-359 363-366 473-476 479-482 488-491 496-499 504-507 510-513 528-531 536-539 555-558","Product C++ match for changing trail pace with a functional dialog procedure and canonical pace, journal, theme, and audio dependencies; masks cover imports, data addresses, and direct calls only."
"OtHandleChangeRationsAction_0002b610","Oregon32.exe","0x0042b610","0x0002b610","0x000001c3","","","?OtHandleChangeRationsAction_20260605@TrailDialogState_0042b610_20260605@@QAEXPAX@Z","","src_otwin_trail_handle_change_rations_action_20260605.obj","match","cpp","7-10 42-45 47-50 54-57 77-80 93-96 104-107 116-119 162-165 167-170 178-181 185-188 230-233 247-250 255-258 265-268 322-325 383-386 389-392 407-410 415-418 434-437","Product C++ match for changing trail rations with a functional dialog procedure and canonical ration, journal, and audio dependencies; masks cover imports, data addresses, and direct calls only."
"OtHandleRestAction_0002b7e0","Oregon32.exe","0x0042b7e0","0x0002b7e0","0x0000019b","","","_OtHandleRestAction_0002b7e0_Wip","","","wip","cpp","","WIP semantic conversion replacing the _emit scaffold; measured 403/411 residual on 2026-05-21 in the drain-to-100 scaffold rewrite and needs source-shape follow-up."
"FUN_0042bb00_0002bb00","Oregon32.exe","0x0042bb00","0x0002bb00","0x00000186","","","?OtTrailActionDialogCaseA_20260605_RealCpp@TrailActionDialogCaseA_0042bb00_20260605@@QAEXPAXI@Z","","","match","cpp","21-24 41-44 64-67 84-87 107-110 130-133 153-156 176-179 199-202 222-225 245-248 268-271 291-294 314-317 337-340 360-363 383-386","Semantic C++ match: dispatches trail action dialog case A command ids 0x0fd2..0x0fe1 to the active/pressed positioned-bitmap state for each action control. Masks cover only the switch jump-table address operand and direct OtBlitWrappedPositionedBitmap call displacements."
"FUN_0042bcd0_0002bcd0","Oregon32.exe","0x0042bcd0","0x0002bcd0","0x00000186","","","?OtTrailActionDialogCaseB_20260605_RealCpp@TrailActionDialogCaseB_0042bcd0_20260605@@QAEXPAXH@Z","","","match","cpp","21-24 41-44 64-67 84-87 107-110 130-133 153-156 176-179 199-202 222-225 245-248 268-271 291-294 314-317 337-340 360-363 383-386","Semantic C++ match: dispatches trail action dialog case B command ids 0x0fd2..0x0fe1 to the hover/armed positioned-bitmap state for each action control. Masks cover only the switch jump-table address operand and direct OtBlitWrappedPositionedBitmap call displacements."
"FUN_0042bea0_0002bea0","Oregon32.exe","0x0042bea0","0x0002bea0","0x00000186","","","?OtTrailActionDialogCaseC_20260604_RealCpp@TrailActionDialogCaseC_0042bea0_20260604@@QAEXPAXI@Z","","","match","cpp","21-24 41-44 64-67 84-87 107-110 130-133 153-156 176-179 199-202 222-225 245-248 268-271 291-294 314-317 337-340 360-363 383-386","Semantic C++ match: dispatches trail action dialog case C command ids 0x0fd2..0x0fe1 to the inactive/default positioned-bitmap state for each action control. Masks cover only the switch jump-table address operand and direct OtBlitWrappedPositionedBitmap call displacements."
"OtRestoreTrailViewAfterRiverCrossing_0002c180","Oregon32.exe","0x0042c180","0x0002c180","0x00000157","","","?OtRestoreTrailViewAfterRiverCrossing_0042c180_ProductWip@TrailUiState_0042b370@@QAEXPAX@Z","","src_otwin_trail_trail_restore_view_after_river_crossing_runtime.obj","wip","cpp","","Product semantic trail-view restoration after a river crossing; the exact closure depended on translation-unit declaration-order coloring and is not eligible for match credit."
"OtInitTrailGameDialog_0002c2e0","Oregon32.exe","0x0042c2e0","0x0002c2e0","0x00000897","","","?OtInitTrailGameDialog_0042c2e0_RealCpp@TrailGameDialogState_0042c2e0@@QAEXPAX0@Z","","src_otwin_trail_init_trail_game_dialog.obj","match","cpp","12-15 43-46 67-70 72-75 105-108 135-138 166-169 190-193 220-223 247-250 278-281 321-324 327-330 341-344 355-358 369-372 386-389 403-406 420-423 437-440 454-457 471-474 488-491 505-508 522-525 539-542 556-559 573-576 590-593 607-610 624-627 641-644 658-661 675-678 680-683 704-707 711-714 716-719 740-743 747-750 752-755 776-779 783-786 800-803 817-820 834-837 851-854 868-871 885-888 902-905 919-922 936-939 953-956 970-973 987-990 1004-1007 1021-1024 1038-1041 1055-1058 1072-1075 1089-1092 1106-1109 1123-1126 1140-1143 1145-1148 1169-1172 1176-1179 1181-1184 1205-1208 1212-1215 1217-1220 1241-1244 1248-1251 1265-1268 1282-1285 1299-1302 1316-1319 1333-1336 1350-1353 1365-1368 1383-1386 1404-1407 1412-1415 1469-1472 1490-1493 1511-1514 1532-1535 1556-1559 1564-1567 1627-1630 1651-1654 1672-1675 1696-1699 1716-1719 1746-1749 1771-1774 1801-1804 1809-1812 1815-1818 1841-1844 1864-1867 1879-1882 1889-1892 1911-1914 1919-1922 1938-1941 1944-1947 1963-1966 1975-1978 1981-1984 1995-1998 2008-2011 2016-2019 2021-2024 2032-2035 2052-2055 2072-2075 2077-2080 2095-2098 2111-2114 2138-2141 2147-2150 2174-2177","Product C++ match for initializing the trail game dialog, its owned resource-backed UI objects, action bitmaps, controls, route viewport, status, journal, and timer state. All masks are validated complete address operands from original-image relocations or direct control-transfer operands."
"OtRunRiverCrossingDecisionFlow_0002cbc0","Oregon32.exe","0x0042cbc0","0x0002cbc0","0x000003e7","","","?OtRunRiverCrossingDecisionFlow_0042cbc0_ProductWip@TrailRiverDecisionState_0042cbc0_ProductWip@@QAEHPAX@Z","","src_otwin_trail_river_crossing_decision_runtime.obj","wip","cpp","","Product semantic river-decision flow with direct menu, dialog, delay, outcome, route-transition, viewport, palette, and river-view implementations. A 2026-07-17 five-variant VC4 pass retained observed unsigned route-id and promoted final-delay widths; the integrated body measures 833 hard bytes. Selector and owner-alias shapes did not recover the original EBX controller allocation, so the lane is paused pending fresh allocator evidence."
"OtSyncTrailActionControls_0002d080","Oregon32.exe","0x0042d080","0x0002d080","0x00000317","","","?OtSyncTrailActionControls_RealCpp@TrailAnimationState_0042d460@@QAEXPAXH@Z","","src_otwin_app_utility_stubs.obj","match","cpp","41-44 59-62 78-81 97-100 102-105 156-159 175-178 194-197 213-216 218-221 281-284 299-302 318-321 337-340 342-345 396-399 415-418 434-437 453-456 458-461 512-515 552-555 574-577 582-585 594-597 628-631 672-675 691-694 716-719 735-738 761-764 780-783","Readable Product implementation directly invokes the canonical GetDlgItem import through its typed function address; repeated VC4 /O1 focused builds reproduce all 791 bytes after 32 validated import/global/direct-call operands, with zero hard residual."
"OtAdvanceTrailAnimationState_0002d490","Oregon32.exe","0x0042d490","0x0002d490","0x00000140","","","?OtAdvanceTrailAnimationStateWip17_20260605_RealCpp@TrailAnimationState_0002d490_20260605@@QAEXPAX@Z","","","match","cpp","8-11 25-28 31-34 81-84 93-96 117-120 143-146 157-160 176-179 183-186 208-211 215-218 225-228 232-235 265-268 278-281 308-311","Semantic C++ match: advances trail animation progress, stop/river/overlay phases, status refresh, elapsed ticks, and progress meter updates. Masks cover only direct-call displacements and absolute global/data operands."
"OtRefreshTrailStatusPanel_0002d5d0","Oregon32.exe","0x0042d5d0","0x0002d5d0","0x00000644","","","?OtRefreshTrailStatusPanel_0042d5d0_ProductWip@TrailStatusPanelState_0042d5d0_ProductWip@@QAEXPAX@Z","","src_otwin_trail_refresh_trail_status_panel.obj","wip","cpp","","Policy-clean Product C++ VC4 /O1 WIP: instruction-exact through +0x588 apart from 53 authentic relocation operands; twelve distinct compiled source shapes leave the current 383/1604 strict residual. Closure is blocked by the original dead 40-byte buffer clear and coupled motion-tail lowering; no dead work or mask expansion is accepted."
"OtAdvanceTrailFlaggedTransitionPhase_0002de80","Oregon32.exe","0x0042de80","0x0002de80","0x00000113","","","?OtAdvanceTrailFlaggedTransitionPhase_20260602_Candidate@TrailFlaggedTransitionState_0002de80@@QAEHPAX@Z","","src_otwin_trail_trail_flagged_transition_runtime.obj","match","cpp","39-42 50-53 76-79 88-91 96-99 105-108 123-126 135-138 143-146 173-176 186-189 207-210 215-218 224-227 233-236 245-248 252-255 263-266","Product C++ match: advances the flagged transition through canonical phase, journey, route-art, viewport, pause/status, and audio implementations. Existing validated masks remain limited to globals and direct/member-call operands."
"OtTrailGameDialogProc_0002dff0","Oregon32.exe","0x0042dff0","0x0002dff0","0x00000cb3","","","_OtTrailGameDialogProc_0002dff0_Wip@16","","src_otwin_trail_trail_game_dialog_callback.obj","wip","cpp","","Product semantic stdcall Trail Game callback with typed state ownership, trail/hunt/river transitions, input and timer routing, painting, audio, and teardown; exact VC4 source shaping remains open."
"OtSetupTrailGameDialogWindow_0002ee60","Oregon32.exe","0x0042ee60","0x0002ee60","0x00000128","","","_OtSetupTrailGameDialogWindow_0002ee60_Wip","","","wip","cpp","","WIP semantic conversion replacing the _emit scaffold; measured 289/296 residual on 2026-05-21 in the drain-to-100 scaffold rewrite and needs source-shape follow-up."
"OtConstructTrailGameDialogState_0002efa0","Oregon32.exe","0x0042efa0","0x0002efa0","0x00000346","","","??0TrailGameDialogState_0042efa0_Product@@QAE@XZ","","src_otwin_trail_construct_trail_game_dialog_state.obj","match","cpp","12-15 37-40 52-55 64-67 79-82 94-97 109-112 124-127 139-142 154-157 169-172 184-187 199-202 214-217 229-232 244-247 259-262 274-277 289-292 304-307 319-322 334-337 349-352 364-367 379-382 394-397 409-412 424-427 439-442 454-457 469-472 484-487 499-502 514-517 529-532 544-547 559-562 574-577 589-592 604-607 619-622 634-637 649-652 664-667 679-682 694-697 709-712 724-727 739-742 754-757 765-768 770-773 780-783 795-798 810-813","Product-semantic VC4 /GX constructor for the real 0xa58-byte TrailGame dialog state. Forty-eight named PositionedBitmap members, the 12-element progress-frame array, progress overlay, route-audio bitmap, and RectResource reproduce the original member-construction order and compiler unwind graph. Masks cover complete address-bearing operands only: the EH handler reference, constructor/destructor calls and pointers, and the vector-constructor iterator call."
"OtHandleTrailCommand_0002f630","Oregon32.exe","0x0042f630","0x0002f630","0x000005bf","","","_OtHandleTrailCommand_0002f630_Wip","","","wip","cpp","","WIP semantic conversion replacing the _emit scaffold; measured 1424/1471 residual on 2026-05-21 in the drain-to-50 scaffold rewrite and needs source-shape follow-up."
"FUN_0042fc30_0002fc30","Oregon32.exe","0x0042fc30","0x0002fc30","0x000000e8","","","?OtInsertRankedScore_0042fc30_RealCpp@TrailLeaderboardList_0042fc30@@QAEHPBDH@Z","","src_otwin_trail_insert_ranked_score_20260716.obj","match","cpp","20-23 94-97 176-179 182-185 201-204 214-217","Product C++ leaderboard insertion: parses and compares ranked scores, removes the displaced entry, formats the name and score with the original VC4 CRT/Win32 declarations, and saves the updated list. All six masked operands are fully validated relocations."
"FUN_0042fda0_0002fda0","Oregon32.exe","0x0042fda0","0x0002fda0","0x000000e3","","","?OtLoadScoreList_0042fda0_RealCpp@TrailGameScoreList_0042fc30@@QAEHXZ","","src_otwin_trail_load_trail_leaderboard_profile.obj","match","cpp","4-7 28-31 33-36 38-41 44-47 53-56 101-104 108-111 128-131 160-163 166-169 174-177 183-186 188-191 193-196 199-202","Product C++ match: loads the trail leaderboard through canonical profile state; masks cover only full globals, strings, GetPrivateProfileStringA, and direct-call operands."
"FUN_0042ff00_0002ff00","Oregon32.exe","0x0042ff00","0x0002ff00","0x00000100","","","?OtSaveLeaderboardProfile_0042ff00_RealCpp@TrailLeaderboardProfileList_0042ff00@@QAEXXZ","","","match","cpp","12-15 19-22 26-29 31-34 45-48 53-56 65-68 102-105 119-122 128-131 135-138 156-159 190-193 209-212 226-229 240-243","Semantic C++ match: saves the trail leaderboard count and entries to oregon.ini's List of Legends section, formatting number/legend keys and combining each name and score before profile writes. Mask covers only stack-string/global operands, direct _itoa/strncpy/strncat call displacements, the INI path global, and WritePrivateProfileStringA import operands."
"FUN_00430000_00030000","Oregon32.exe","0x00430000","0x00030000","0x00000171","","","_OtDrawScoreListItem_00430000","","src_otwin_app_draw_score_list_item.obj","match","cpp","16-19 36-39 56-59 76-79 89-92 106-109 116-119 130-133 137-140 203-206 269-272 284-287 299-302 318-321 324-327 330-333","Native Win32 C++ List of Legends owner drawing preserves selection colors, bounds name/score display lengths and enables deletion when rows are selected. All 369 bytes match with 16 import operands verified. Evidence: score-list-drawing-operands.csv."
"FUN_00430180_00030180","Oregon32.exe","0x00430180","0x00030180","0x000001ac","","","_OtInitializeScoreListDialog_00430180","","src_otwin_app_initialize_score_list_dialog.obj","match","cpp","12-15 40-43 51-54 58-61 109-112 116-119 177-180 187-190 218-221 238-241 247-250 252-255 259-262 266-269 276-279 283-286 296-299 309-312 317-320 343-346 366-369 373-376 381-384 404-407","Native Win32 C++ List of Legends setup centers the dialog, loads the profile and creates the list box using actual TEXTMETRICA dimensions. All 428 bytes match with 24 relocated operands, strings, allocator and complete exception cleanup verified. Evidence: score-list-setup-operands.csv."
"FUN_00430350_00030350","Oregon32.exe","0x00430350","0x00030350","0x000001e9","","","_OtTrailGameShutdownDialogProc_00430350_Product@16","","src_otwin_app_score_list_dialog_callback.obj","match","cpp","78-81 106-109 137-140 165-168 187-190 193-196 212-215 219-222 228-231 249-252 261-264 283-286 295-298 315-318 336-339 367-370 390-393 416-419 428-431 475-478","Native Win32 C++ List of Legends callback draws, initializes, saves, cancels, resets and deletes selected scores while correcting subsequent selection indices. All 489 bytes match with 20 relocated operands and all five jump-table destinations verified. Evidence: score-list-callback-operands.csv."
